"x","y","cell","Spot_ID"
9758,18399,"GCTCATTACTGCATGT-1","GCTCATTACTGCATGT-1"
9757,18979,"CCGACGTAAACACAAC-1","CCGACGTAAACACAAC-1"
10262,18110,"GAATGTATGGCAGGTC-1","GAATGTATGGCAGGTC-1"
10010,18254,"GCAACCACCAGACCGG-1","GCAACCACCAGACCGG-1"
10262,18400,"TCACTCGTGCAACGGC-1","TCACTCGTGCAACGGC-1"
10010,18544,"AAACAGAGCGACTCCT-1","AAACAGAGCGACTCCT-1"
10262,18689,"CAGCCTCTCCTCAAGA-1","CAGCCTCTCCTCAAGA-1"
10010,18834,"TTGCGTGAACGCTTAG-1","TTGCGTGAACGCTTAG-1"
10262,18979,"CCGCCTGCGAATTGGT-1","CCGCCTGCGAATTGGT-1"
10010,19124,"AGATGAGGGTTGCGAT-1","AGATGAGGGTTGCGAT-1"
10262,19269,"CGGTGGGCTCCAGCCT-1","CGGTGGGCTCCAGCCT-1"
10009,19414,"GGCAGCGGTAATCCTA-1","GGCAGCGGTAATCCTA-1"
10262,19559,"GCTAGCAGGGAGTGGG-1","GCTAGCAGGGAGTGGG-1"
10261,19849,"CACGGCGCGCCAAAGG-1","CACGGCGCGCCAAAGG-1"
10009,19994,"TGCAATTTGGGCACGG-1","TGCAATTTGGGCACGG-1"
10261,20139,"ATGCCAATCGCTCTGC-1","ATGCCAATCGCTCTGC-1"
10514,18255,"AACCTTTACGACGTCT-1","AACCTTTACGACGTCT-1"
10766,18400,"AGTCCCGCCTTTAATT-1","AGTCCCGCCTTTAATT-1"
10514,18545,"TGAGATTAGGCCCTAA-1","TGAGATTAGGCCCTAA-1"
10766,18690,"AGTGTATTGCGCATTG-1","AGTGTATTGCGCATTG-1"
10514,18834,"GTTGGATTCAGTGGCT-1","GTTGGATTCAGTGGCT-1"
10766,18979,"TAAAGCTGCAATAGGG-1","TAAAGCTGCAATAGGG-1"
10514,19124,"AGTAGGAAGGAAGTTG-1","AGTAGGAAGGAAGTTG-1"
10766,19269,"TATCACTTCGAGTAAC-1","TATCACTTCGAGTAAC-1"
10514,19414,"TGATCTACGCTGATCT-1","TGATCTACGCTGATCT-1"
10766,19559,"GGATCATCCCGTACGC-1","GGATCATCCCGTACGC-1"
10514,19704,"TGACACTTCTCTTTGC-1","TGACACTTCTCTTTGC-1"
10766,19849,"AGCCCTTCTAATCCGA-1","AGCCCTTCTAATCCGA-1"
10513,19994,"CACCGCGTCCACTCTA-1","CACCGCGTCCACTCTA-1"
10513,20284,"TCGTAAGCTCCGAGGA-1","TCGTAAGCTCCGAGGA-1"
10765,20429,"TATATTACAAATGTCG-1","TATATTACAAATGTCG-1"
11272,15791,"TTCATGGCGCAACAGG-1","TTCATGGCGCAACAGG-1"
11020,15936,"TTAATCAGTACGTCAG-1","TTAATCAGTACGTCAG-1"
11272,16081,"CCTATCTATATCGGAA-1","CCTATCTATATCGGAA-1"
11272,16371,"ATGGATCCGGCGTCCG-1","ATGGATCCGGCGTCCG-1"
11018,18545,"GCAGGTAGAGTATGGT-1","GCAGGTAGAGTATGGT-1"
11271,18690,"GTCGTATTGGCGTACA-1","GTCGTATTGGCGTACA-1"
11018,18835,"GAAATTAGCACGGATA-1","GAAATTAGCACGGATA-1"
11270,18980,"AATGCACCAAGCAATG-1","AATGCACCAAGCAATG-1"
11018,19124,"AGGACGCTCGATGTTG-1","AGGACGCTCGATGTTG-1"
11270,19270,"GGCTAAAGGGCGGGTC-1","GGCTAAAGGGCGGGTC-1"
11018,19414,"CATCTATCCCGTGTCT-1","CATCTATCCCGTGTCT-1"
11270,19559,"CAGTAACTATTTATTG-1","CAGTAACTATTTATTG-1"
11018,19704,"CATATACTACTGATAA-1","CATATACTACTGATAA-1"
11270,19849,"GCGTTCGGAGACCGGG-1","GCGTTCGGAGACCGGG-1"
11018,19994,"AAGTTCAGTCTGCGTA-1","AAGTTCAGTCTGCGTA-1"
11018,20284,"CGCGGTCACAAACCAA-1","CGCGGTCACAAACCAA-1"
11270,20429,"GGGAATGAGCCCTCAC-1","GGGAATGAGCCCTCAC-1"
11776,15792,"CGCGCCCGACTTAATA-1","CGCGCCCGACTTAATA-1"
11776,16371,"TTCTTGGAGTAATGAG-1","TTCTTGGAGTAATGAG-1"
11524,16516,"GTCTCGATCTGCTTTC-1","GTCTCGATCTGCTTTC-1"
11776,16661,"TACTCTCCGAACAAAT-1","TACTCTCCGAACAAAT-1"
11523,18835,"ATCGGCAAGCAGTCCA-1","ATCGGCAAGCAGTCCA-1"
11775,18980,"AGATCGTGCATAAGAT-1","AGATCGTGCATAAGAT-1"
11522,19125,"ATTCAGGACCTATTTC-1","ATTCAGGACCTATTTC-1"
11775,19270,"AGCTAGAAGCAGAAGT-1","AGCTAGAAGCAGAAGT-1"
11522,19415,"TTCGCTATCTGACGTG-1","TTCGCTATCTGACGTG-1"
11522,19704,"CAGTACATTCTCTAAA-1","CAGTACATTCTCTAAA-1"
11774,19849,"GTGAAGATTTCAAGTG-1","GTGAAGATTTCAAGTG-1"
11522,19994,"AACGCATGATCTGGGT-1","AACGCATGATCTGGGT-1"
11774,20139,"CCCAGAGGAGGGCGTA-1","CCCAGAGGAGGGCGTA-1"
11522,20284,"GGAAACCTTGTTGAAT-1","GGAAACCTTGTTGAAT-1"
12028,16516,"ACGATACATAGAACTA-1","ACGATACATAGAACTA-1"
12279,18111,"AATTCATAAGGGATCT-1","AATTCATAAGGGATCT-1"
12279,18400,"AATGATGATACGCTAT-1","AATGATGATACGCTAT-1"
12027,18545,"CTTGTGCTCACCGATT-1","CTTGTGCTCACCGATT-1"
12279,18690,"TTCCAATCAGAGCTAG-1","TTCCAATCAGAGCTAG-1"
12027,18835,"CGATGGACCCTACGCC-1","CGATGGACCCTACGCC-1"
12279,18980,"GGTCGGATAAACGGCG-1","GGTCGGATAAACGGCG-1"
12027,19125,"TTAGCTAATACGATCT-1","TTAGCTAATACGATCT-1"
12279,19270,"CTCGATATTTGCGAGC-1","CTCGATATTTGCGAGC-1"
12279,19560,"CTAGCCGATGTTATGA-1","CTAGCCGATGTTATGA-1"
12027,19705,"TACTGCAATCAATTAC-1","TACTGCAATCAATTAC-1"
12279,19850,"TAGTCTGTGACGTTGC-1","TAGTCTGTGACGTTGC-1"
12026,19994,"CTCGTTTCTAATGTTT-1","CTCGTTTCTAATGTTT-1"
12278,20139,"TTCGTTCAACGAAGTT-1","TTCGTTCAACGAAGTT-1"
12786,12314,"TCAACCATGTTCGGGC-1","TCAACCATGTTCGGGC-1"
12786,12894,"AGCGACCAACGATATT-1","AGCGACCAACGATATT-1"
12534,13039,"ACACAAAGACGGGTGG-1","ACACAAAGACGGGTGG-1"
12786,13184,"ATCGCACGCCGGGAGA-1","ATCGCACGCCGGGAGA-1"
12534,13328,"GCTCTAAACCCTGACG-1","GCTCTAAACCCTGACG-1"
12786,13474,"AATGCAACCGGGTACC-1","AATGCAACCGGGTACC-1"
12786,13763,"TATGCTCCCTACTTAC-1","TATGCTCCCTACTTAC-1"
12786,14053,"ACGATCATACATAGAG-1","ACGATCATACATAGAG-1"
12785,14343,"ATGCATGATCCAGGAT-1","ATGCATGATCCAGGAT-1"
12532,17676,"GTGAAACGGCGCCACC-1","GTGAAACGGCGCCACC-1"
12532,17966,"TTGATGTGTAGTCCCG-1","TTGATGTGTAGTCCCG-1"
12532,18256,"AGCGCGGGTGCCAATG-1","AGCGCGGGTGCCAATG-1"
12784,18401,"TAATCGATCCGTACGT-1","TAATCGATCCGTACGT-1"
12531,18545,"AGTGGCGGCAATTTGA-1","AGTGGCGGCAATTTGA-1"
12783,18691,"CCTTTCAATGAAGAAA-1","CCTTTCAATGAAGAAA-1"
12531,18835,"CTCAGTCACGACAAAT-1","CTCAGTCACGACAAAT-1"
12783,18980,"ATAGGCTAGCTTCGCA-1","ATAGGCTAGCTTCGCA-1"
12531,19125,"CGGTTCAAGTAGGTGT-1","CGGTTCAAGTAGGTGT-1"
12783,19270,"CAGTCGAGGATGCAAT-1","CAGTCGAGGATGCAAT-1"
12531,19415,"TATCACCCAACCGACC-1","TATCACCCAACCGACC-1"
12783,19560,"AATGATGCGACTCCTG-1","AATGATGCGACTCCTG-1"
12531,19705,"TGGAACCACTGACACA-1","TGGAACCACTGACACA-1"
12531,19995,"TTCTTTGGTCGCGACG-1","TTCTTTGGTCGCGACG-1"
13291,11735,"GATCGACACTATCTGA-1","GATCGACACTATCTGA-1"
13291,12025,"CCTACTGCTTACACTT-1","CCTACTGCTTACACTT-1"
13039,12169,"CCTGCTATTTGAGAAG-1","CCTGCTATTTGAGAAG-1"
13291,12314,"CGCGTTCATGAAATAC-1","CGCGTTCATGAAATAC-1"
13039,12459,"CATTATGCTTGTTGTG-1","CATTATGCTTGTTGTG-1"
13291,12604,"CCAGGGACGTGGCCTC-1","CCAGGGACGTGGCCTC-1"
13038,12749,"TATGGATGTGCTACGC-1","TATGGATGTGCTACGC-1"
13290,12894,"GTACTAAGATTTGGAG-1","GTACTAAGATTTGGAG-1"
13038,13039,"AGACCCGCCCTCCTCG-1","AGACCCGCCCTCCTCG-1"
13290,13184,"CGCATTAGCTAATAGG-1","CGCATTAGCTAATAGG-1"
13038,13329,"GCTCTCGGGTACCGAA-1","GCTCTCGGGTACCGAA-1"
13290,13474,"CACCGCCAGAAGGTTT-1","CACCGCCAGAAGGTTT-1"
13038,13619,"TCCCAAAGACGAAGGA-1","TCCCAAAGACGAAGGA-1"
13290,13764,"ATGGATTGACCAAACG-1","ATGGATTGACCAAACG-1"
13038,13908,"GTCATGGACATGACTA-1","GTCATGGACATGACTA-1"
13290,14053,"CTACTGCCACCTGACC-1","CTACTGCCACCTGACC-1"
13038,14198,"TTATATTTGGCAATCC-1","TTATATTTGGCAATCC-1"
13290,14343,"AGCACCAGTACTCACG-1","AGCACCAGTACTCACG-1"
13038,14488,"CATGGTCTAGATACCG-1","CATGGTCTAGATACCG-1"
13290,14633,"TCTACCGTCCACAAGC-1","TCTACCGTCCACAAGC-1"
13037,14778,"CTAGTTGGGCCCGGTA-1","CTAGTTGGGCCCGGTA-1"
13290,14923,"TCCCGCGTACTCCTGG-1","TCCCGCGTACTCCTGG-1"
13037,15068,"CAGAGCATGAGCTTGC-1","CAGAGCATGAGCTTGC-1"
13289,15213,"ACACGGGAACTTAGGG-1","ACACGGGAACTTAGGG-1"
13037,15358,"GGCTCTGCTCCAACGC-1","GGCTCTGCTCCAACGC-1"
13289,15503,"AGAACGTGGTACATTC-1","AGAACGTGGTACATTC-1"
13037,15647,"CAATAAACCTTGGCCC-1","CAATAAACCTTGGCCC-1"
13289,15792,"ACTTCGCCATACGCAC-1","ACTTCGCCATACGCAC-1"
13289,16082,"TCGTAAGACGACATTG-1","TCGTAAGACGACATTG-1"
13289,16372,"GCCCGTAATACCTTCT-1","GCCCGTAATACCTTCT-1"
13036,18546,"AAATTACCTATCGATG-1","AAATTACCTATCGATG-1"
13035,19415,"CTATAAGAGCCAATCG-1","CTATAAGAGCCAATCG-1"
13796,11155,"CCTGGCTAGACCCGCC-1","CCTGGCTAGACCCGCC-1"
13795,11445,"TCGAAATTTAGGACCA-1","TCGAAATTTAGGACCA-1"
13543,11590,"AGACTAGCCTTCCAGA-1","AGACTAGCCTTCCAGA-1"
13795,11735,"TTGATCTAACTTTGTC-1","TTGATCTAACTTTGTC-1"
13543,11880,"AAGGAGCGGTTGGTGC-1","AAGGAGCGGTTGGTGC-1"
13795,12025,"ACTTGGGACCCGGTGG-1","ACTTGGGACCCGGTGG-1"
13543,12170,"TGATCTCCGGCGCCAG-1","TGATCTCCGGCGCCAG-1"
13795,12315,"CAGTTCAAATTGACAC-1","CAGTTCAAATTGACAC-1"
13543,12459,"GTCCGGCTGAATTGCG-1","GTCCGGCTGAATTGCG-1"
13795,12604,"CTGGAAATGGATGCTT-1","CTGGAAATGGATGCTT-1"
13543,12749,"TGATCGGTTTGACCCT-1","TGATCGGTTTGACCCT-1"
13795,12894,"TAGAGTCTAAGCGAAC-1","TAGAGTCTAAGCGAAC-1"
13543,13039,"GAGACTGATGGGTAGA-1","GAGACTGATGGGTAGA-1"
13795,13184,"TAGCTAAGTCCGGGAG-1","TAGCTAAGTCCGGGAG-1"
13542,13329,"GGGCGATATGTGTGAA-1","GGGCGATATGTGTGAA-1"
13795,13474,"CTCGAGGTCGAACAGT-1","CTCGAGGTCGAACAGT-1"
13542,13619,"GATCCCTTTATACTGC-1","GATCCCTTTATACTGC-1"
13794,13764,"GTCATGCACCTCCGTT-1","GTCATGCACCTCCGTT-1"
13542,13909,"ACTTTCCTATAGCTTC-1","ACTTTCCTATAGCTTC-1"
13794,14054,"TCGCTCGATATATTCC-1","TCGCTCGATATATTCC-1"
13542,14198,"ATAGGTTGGGCAGATG-1","ATAGGTTGGGCAGATG-1"
13794,14343,"CAATTAAGGGTGATGA-1","CAATTAAGGGTGATGA-1"
13542,14488,"ACCGACTGAGTCCCAC-1","ACCGACTGAGTCCCAC-1"
13794,14633,"CCTGTCACCCGGGCTC-1","CCTGTCACCCGGGCTC-1"
13542,14778,"GATCGGTGGCCATAAC-1","GATCGGTGGCCATAAC-1"
13794,14923,"CCTATGGGTTACCGTC-1","CCTATGGGTTACCGTC-1"
13542,15068,"TTGGGACACTGCCCGC-1","TTGGGACACTGCCCGC-1"
13794,15213,"CGAGGCTAAATATGGC-1","CGAGGCTAAATATGGC-1"
13541,15358,"TCAGGGTGTAACGTAA-1","TCAGGGTGTAACGTAA-1"
13794,15503,"CGAGAGATGTGAACCT-1","CGAGAGATGTGAACCT-1"
13541,15648,"TCGCTGGGCGGATTGT-1","TCGCTGGGCGGATTGT-1"
13793,15793,"AGATCTCAGGTGTGAT-1","AGATCTCAGGTGTGAT-1"
13541,15937,"TGGCCAAACTGAAGTA-1","TGGCCAAACTGAAGTA-1"
13793,16082,"GCTTCCGTCCCTAGAC-1","GCTTCCGTCCCTAGAC-1"
13541,16227,"CAGCAGCCCGTTCCTT-1","CAGCAGCCCGTTCCTT-1"
13793,16372,"TGTATAACAGATCCTG-1","TGTATAACAGATCCTG-1"
13541,16517,"CGCGGGAATTAGGCAG-1","CGCGGGAATTAGGCAG-1"
13793,16662,"TGCATGTGGTAATCTA-1","TGCATGTGGTAATCTA-1"
13541,16807,"ACAATTTGAGCAGTGG-1","ACAATTTGAGCAGTGG-1"
13793,16952,"GAGCTAAGGGCATATC-1","GAGCTAAGGGCATATC-1"
14303,5069,"GGTGATGAAGGAAGTG-1","GGTGATGAAGGAAGTG-1"
14050,5214,"TCAATACAATTGCTGC-1","TCAATACAATTGCTGC-1"
14050,5504,"ATGAAGTGGACCCAGC-1","ATGAAGTGGACCCAGC-1"
14300,9996,"AGCACTTAAGGACGCC-1","AGCACTTAAGGACGCC-1"
14300,10286,"CCAACGATGCACTGAT-1","CCAACGATGCACTGAT-1"
14300,10576,"CCCTGAAATGAGTTGA-1","CCCTGAAATGAGTTGA-1"
14048,10721,"CAAACGGTCGCACTTT-1","CAAACGGTCGCACTTT-1"
14300,10866,"TGATTCGTCTATCACT-1","TGATTCGTCTATCACT-1"
14048,11011,"TCAGGTTCTTTGAGAA-1","TCAGGTTCTTTGAGAA-1"
14300,11156,"CACGCAGCGAGGCTTT-1","CACGCAGCGAGGCTTT-1"
14048,11300,"TTAAGCGCCTGACCCA-1","TTAAGCGCCTGACCCA-1"
14300,11445,"CTTACACGGTATTCCA-1","CTTACACGGTATTCCA-1"
14048,11590,"AAGGCTGTGCTCATCG-1","AAGGCTGTGCTCATCG-1"
14300,11735,"GACCAGAGCCCTGTAG-1","GACCAGAGCCCTGTAG-1"
14047,11880,"TCCCAGGCTTAGCTAA-1","TCCCAGGCTTAGCTAA-1"
14299,12025,"ATTGAAGATCTTAGTG-1","ATTGAAGATCTTAGTG-1"
14047,12170,"AGTTCCTACAGAATTA-1","AGTTCCTACAGAATTA-1"
14299,12315,"GGGCTGGTTAGTCGCG-1","GGGCTGGTTAGTCGCG-1"
14047,12460,"GAAATGGCGGTGTTAG-1","GAAATGGCGGTGTTAG-1"
14299,12605,"TACGAACACGACTTCA-1","TACGAACACGACTTCA-1"
14047,12750,"ACCACAAGTTTCTATC-1","ACCACAAGTTTCTATC-1"
14299,12895,"ATATTTAACCCTCAAG-1","ATATTTAACCCTCAAG-1"
14047,13039,"GATCATTCCAAACATT-1","GATCATTCCAAACATT-1"
14299,13184,"TCCAGGCGAGTACGGT-1","TCCAGGCGAGTACGGT-1"
14047,13329,"GTTTGACCAAATCCTA-1","GTTTGACCAAATCCTA-1"
14299,13474,"CACAGCACCCACGGCA-1","CACAGCACCCACGGCA-1"
14047,13619,"TGCAAGAATGACGTAA-1","TGCAAGAATGACGTAA-1"
14299,13764,"GCGAAGCCATACCCGT-1","GCGAAGCCATACCCGT-1"
14046,13909,"TCCTTTCTTACGCTTA-1","TCCTTTCTTACGCTTA-1"
14299,14054,"GCTGCTCTCCGGACAC-1","GCTGCTCTCCGGACAC-1"
14046,14199,"ACTGTCTTCTTTAGAA-1","ACTGTCTTCTTTAGAA-1"
14298,14344,"TCAAACTTAGATTGTT-1","TCAAACTTAGATTGTT-1"
14046,14489,"CTATGTCACTAGCCCA-1","CTATGTCACTAGCCCA-1"
14298,14634,"TGCGCAAAGCATTTGG-1","TGCGCAAAGCATTTGG-1"
14046,14778,"TTAATGTAGACCAGGT-1","TTAATGTAGACCAGGT-1"
14298,14923,"GGCGGTAGGATCATTG-1","GGCGGTAGGATCATTG-1"
14046,15068,"GGCAATAGTCAATGAG-1","GGCAATAGTCAATGAG-1"
14298,15213,"ACACGAGACTCCTTCT-1","ACACGAGACTCCTTCT-1"
14046,15358,"GACACAAGGGAAGAAA-1","GACACAAGGGAAGAAA-1"
14298,15503,"TCAGCAAATGCATCTC-1","TCAGCAAATGCATCTC-1"
14046,15648,"GAGATCTGTCACTCCG-1","GAGATCTGTCACTCCG-1"
14298,15793,"ATGCCGGTCTTGCATA-1","ATGCCGGTCTTGCATA-1"
14046,15938,"TTGGGCGGCGGTTGCC-1","TTGGGCGGCGGTTGCC-1"
14298,16083,"TTGTTGTGTGTCAAGA-1","TTGTTGTGTGTCAAGA-1"
14045,16228,"ACTGTACGATACACAT-1","ACTGTACGATACACAT-1"
14297,16373,"TCCACTTTATCTAGGT-1","TCCACTTTATCTAGGT-1"
14045,16517,"GGTCTGAGAATCTGGA-1","GGTCTGAGAATCTGGA-1"
14297,16662,"TAGAAAGGTGGCGCTA-1","TAGAAAGGTGGCGCTA-1"
14045,16807,"TATGTCTCATTGTGCC-1","TATGTCTCATTGTGCC-1"
14297,16952,"GGATTTCACTTCTATA-1","GGATTTCACTTCTATA-1"
14555,5214,"CTCACCAGTACAAGTG-1","CTCACCAGTACAAGTG-1"
14807,5359,"CGAAGACGGTGAGTGC-1","CGAAGACGGTGAGTGC-1"
14555,5504,"AAATTAATAAGCGCGA-1","AAATTAATAAGCGCGA-1"
14806,6808,"GGTTGTGTAGCCTGGC-1","GGTTGTGTAGCCTGGC-1"
14806,7098,"GAACGTTAGGAAGACG-1","GAACGTTAGGAAGACG-1"
14805,9417,"AAGTAGTGACGCGAGG-1","AAGTAGTGACGCGAGG-1"
14553,9562,"TCCGATTACATTGCCG-1","TCCGATTACATTGCCG-1"
14805,9707,"CCTCCGACAATTCAAG-1","CCTCCGACAATTCAAG-1"
14553,9851,"GTTCACAGGAGTCTAG-1","GTTCACAGGAGTCTAG-1"
14805,9996,"CGAAGTTGCTCTGTGT-1","CGAAGTTGCTCTGTGT-1"
14553,10141,"GTCGGATATCTCAGAC-1","GTCGGATATCTCAGAC-1"
14805,10286,"CGCTCTCCGTAGATTA-1","CGCTCTCCGTAGATTA-1"
14552,10431,"CAAGCAACGTCGGAGT-1","CAAGCAACGTCGGAGT-1"
14804,10576,"CCATTCCCTGCCCACA-1","CCATTCCCTGCCCACA-1"
14552,10721,"CTTTGGCTTTAGTAAA-1","CTTTGGCTTTAGTAAA-1"
14804,10866,"GGCTATTAAGTTGTAT-1","GGCTATTAAGTTGTAT-1"
14552,11011,"CCATTAGCGATAATCC-1","CCATTAGCGATAATCC-1"
14804,11156,"TGTTCTTCCATTGACT-1","TGTTCTTCCATTGACT-1"
14552,11301,"AGATAACTTCAGGGCC-1","AGATAACTTCAGGGCC-1"
14804,11446,"ATAGACGAAGAGAAAG-1","ATAGACGAAGAGAAAG-1"
14552,11590,"GGCGGAGTAATATTAG-1","GGCGGAGTAATATTAG-1"
14804,11735,"TGACCCACGTTAGACA-1","TGACCCACGTTAGACA-1"
14552,11880,"TCACAGGTTATTGGGC-1","TCACAGGTTATTGGGC-1"
14804,12025,"TCACGCATTGTAGATC-1","TCACGCATTGTAGATC-1"
14552,12170,"TTGAAGAATTCCCAGG-1","TTGAAGAATTCCCAGG-1"
14804,12315,"AAATGGTCAATGTGCC-1","AAATGGTCAATGTGCC-1"
14551,12460,"TAGTGCCCTCCAGAGT-1","TAGTGCCCTCCAGAGT-1"
14804,12605,"GGTATTGCCGAGTTTA-1","GGTATTGCCGAGTTTA-1"
14551,12750,"CGTATTAAGAGATCTA-1","CGTATTAAGAGATCTA-1"
14803,12895,"ACTGTCCAGGATTATA-1","ACTGTCCAGGATTATA-1"
14551,13040,"CGGGCAGCTAAACCGC-1","CGGGCAGCTAAACCGC-1"
14803,13185,"TTGCTGATCATGTTCG-1","TTGCTGATCATGTTCG-1"
14551,13329,"TATGGGTACGTATCGT-1","TATGGGTACGTATCGT-1"
14803,13474,"CAGCTCACTGAGACAT-1","CAGCTCACTGAGACAT-1"
14551,13619,"GGGACTGCATAGATAG-1","GGGACTGCATAGATAG-1"
14803,13764,"ACGCATTCGTGAGTAC-1","ACGCATTCGTGAGTAC-1"
14551,13909,"CTCTGGACGCCTGGTG-1","CTCTGGACGCCTGGTG-1"
14803,14054,"AGGGTTTAGTTCGGGA-1","AGGGTTTAGTTCGGGA-1"
14551,14199,"GGGAGAACTCACAGTA-1","GGGAGAACTCACAGTA-1"
14803,14344,"ATCAATCTGGGCTGCA-1","ATCAATCTGGGCTGCA-1"
14551,14489,"TCTTCGATACCAATAA-1","TCTTCGATACCAATAA-1"
14803,14634,"ACGTAGATTGCTGATG-1","ACGTAGATTGCTGATG-1"
14550,14779,"TCTTGATGCGTAGCGA-1","TCTTGATGCGTAGCGA-1"
14802,14924,"GGGCTGCCTAGGGCGA-1","GGGCTGCCTAGGGCGA-1"
14550,15068,"CTCTCACAATCGATGA-1","CTCTCACAATCGATGA-1"
14802,15213,"CCAAGCGTAACTCGTA-1","CCAAGCGTAACTCGTA-1"
14550,15358,"ACAACAGCATGAGCTA-1","ACAACAGCATGAGCTA-1"
14802,15503,"GTCCCAACGTAAAGTA-1","GTCCCAACGTAAAGTA-1"
14550,15648,"TCGGAGTACATGAGTA-1","TCGGAGTACATGAGTA-1"
14802,15793,"GGGAGTTAATGAGGCG-1","GGGAGTTAATGAGGCG-1"
14550,15938,"CCGGGCGGTCTCGTCA-1","CCGGGCGGTCTCGTCA-1"
14802,16083,"CCGTAAGTTGGTCCCA-1","CCGTAAGTTGGTCCCA-1"
14550,16228,"GGAGGGCTTGGTTGGC-1","GGAGGGCTTGGTTGGC-1"
14802,16373,"TCGGACGCCCAGCCCA-1","TCGGACGCCCAGCCCA-1"
14550,16518,"TCTGTGCCATCATAGT-1","TCTGTGCCATCATAGT-1"
14802,16663,"GTACTGGAGTTAGACC-1","GTACTGGAGTTAGACC-1"
14549,16807,"GGAATGCGCTAGCGTG-1","GGAATGCGCTAGCGTG-1"
14802,16952,"GTGTGAATAACTTAGG-1","GTGTGAATAACTTAGG-1"
14549,17097,"GGTCGGCCAGGAGCTT-1","GGTCGGCCAGGAGCTT-1"
14801,17242,"TAGCCGGCGGTCAGCG-1","TAGCCGGCGGTCAGCG-1"
14801,17532,"AGTGATTCAAGCAGGA-1","AGTGATTCAAGCAGGA-1"
14801,17822,"CACACGCGCTGTCTTA-1","CACACGCGCTGTCTTA-1"
14801,18112,"GGTTTCAATCGGTCAG-1","GGTTTCAATCGGTCAG-1"
14801,18402,"TTACGGATGGTTCGAG-1","TTACGGATGGTTCGAG-1"
14801,18691,"GCTTTCAGAGGAGGTG-1","GCTTTCAGAGGAGGTG-1"
14549,18836,"TCTTCCCATGGGCACA-1","TCTTCCCATGGGCACA-1"
14801,18981,"TACCGCGGACTTGCAG-1","TACCGCGGACTTGCAG-1"
14800,19271,"ATTGATGAGTCCTAAC-1","ATTGATGAGTCCTAAC-1"
15311,5359,"GGCAGAGAGATCGGGA-1","GGCAGAGAGATCGGGA-1"
15059,5504,"TAGCGTCGAATATTGA-1","TAGCGTCGAATATTGA-1"
15311,5649,"CGCCGACTATTCGCTA-1","CGCCGACTATTCGCTA-1"
15059,5794,"TCTGGCGCAAGCCGGG-1","TCTGGCGCAAGCCGGG-1"
15311,5939,"AGTGGTTGCGTATAGG-1","AGTGGTTGCGTATAGG-1"
15059,6084,"ATCGGTTACCTAGTAA-1","ATCGGTTACCTAGTAA-1"
15311,6229,"CCTGCCCGTTGTCTAG-1","CCTGCCCGTTGTCTAG-1"
15059,6374,"GCACACGCCCATGGTC-1","GCACACGCCCATGGTC-1"
15311,6519,"AGTACGGCCCGTATCG-1","AGTACGGCCCGTATCG-1"
15058,6663,"TATCTAGCCTAAAGGA-1","TATCTAGCCTAAAGGA-1"
15311,6808,"CACTCGGTTAGGAGGA-1","CACTCGGTTAGGAGGA-1"
15058,6953,"ATGTTCGTCGACCCAC-1","ATGTTCGTCGACCCAC-1"
15310,7098,"TTCCTCTGCCCGAATA-1","TTCCTCTGCCCGAATA-1"
15058,7243,"TTACTATCGGCTTCTC-1","TTACTATCGGCTTCTC-1"
15310,7388,"GCCGCATTAGTCCGGC-1","GCCGCATTAGTCCGGC-1"
15058,7533,"TAAGGGCTGGGAGAGG-1","TAAGGGCTGGGAGAGG-1"
15310,7678,"TAAGCAGGCGACACGC-1","TAAGCAGGCGACACGC-1"
15058,7823,"AGCACTACCGGCCTGT-1","AGCACTACCGGCCTGT-1"
15310,7968,"GAAAGCCCTTTGGACC-1","GAAAGCCCTTTGGACC-1"
15310,8258,"CGGTGAAGACTAAAGT-1","CGGTGAAGACTAAAGT-1"
15310,8547,"TACTGGACAGCTCGGC-1","TACTGGACAGCTCGGC-1"
15058,8692,"TTAGTAGGGCGGCGGG-1","TTAGTAGGGCGGCGGG-1"
15310,8837,"GAGGCTATCAAAGTCG-1","GAGGCTATCAAAGTCG-1"
15057,8982,"TTACCATTGATTACCC-1","TTACCATTGATTACCC-1"
15309,9127,"ATACCACGGGCAACTT-1","ATACCACGGGCAACTT-1"
15057,9272,"TGTCCTAAGTCACCGC-1","TGTCCTAAGTCACCGC-1"
15309,9417,"AGGTAGGTACAAAGCT-1","AGGTAGGTACAAAGCT-1"
15057,9562,"GGCATACAGGTAGCGG-1","GGCATACAGGTAGCGG-1"
15309,9707,"TGTAGTGATCTATAAT-1","TGTAGTGATCTATAAT-1"
15057,9852,"TCCCGGGTGTGCTGCT-1","TCCCGGGTGTGCTGCT-1"
15309,9997,"TACGATGTTGATCATC-1","TACGATGTTGATCATC-1"
15057,10141,"CCTCTCTCCCATCTAG-1","CCTCTCTCCCATCTAG-1"
15309,10287,"GCAGGACTATAGAATA-1","GCAGGACTATAGAATA-1"
15057,10431,"CTAGTGAAGGACAGGA-1","CTAGTGAAGGACAGGA-1"
15309,10576,"TACGAGAACTTCACGT-1","TACGAGAACTTCACGT-1"
15057,10721,"CGTTGTTTCAATTCCC-1","CGTTGTTTCAATTCCC-1"
15309,10866,"GCAAATATTACGCTTT-1","GCAAATATTACGCTTT-1"
15056,11011,"CCAATAGTGCCGTCGA-1","CCAATAGTGCCGTCGA-1"
15309,11156,"ATTGCTGCTCCTCCAT-1","ATTGCTGCTCCTCCAT-1"
15056,11301,"GAGATCTGCTTGGCAT-1","GAGATCTGCTTGGCAT-1"
15308,11446,"GCCGAAATTCCTACGT-1","GCCGAAATTCCTACGT-1"
15056,11591,"GGCACTCCACTGGGCA-1","GGCACTCCACTGGGCA-1"
15308,11736,"GGGTCACCGTGACGGT-1","GGGTCACCGTGACGGT-1"
15056,11880,"CACTTAATCAGACGGA-1","CACTTAATCAGACGGA-1"
15308,12026,"CGTTTCGCTCATTACA-1","CGTTTCGCTCATTACA-1"
15056,12170,"ATAAAGGCTCGGTCGT-1","ATAAAGGCTCGGTCGT-1"
15308,12315,"CACTAAAGTTGCCTAT-1","CACTAAAGTTGCCTAT-1"
15056,12460,"GTGCTCAAGTACTGTC-1","GTGCTCAAGTACTGTC-1"
15308,12605,"CCATGCCTGTTTAGTA-1","CCATGCCTGTTTAGTA-1"
15056,12750,"TCTAGTTATCAGAAGA-1","TCTAGTTATCAGAAGA-1"
15308,12895,"TTGTAATCCGTACTCG-1","TTGTAATCCGTACTCG-1"
15055,13040,"TCCCAGCTTTAGTCTG-1","TCCCAGCTTTAGTCTG-1"
15308,13185,"CTACGCACGGAGTACC-1","CTACGCACGGAGTACC-1"
15055,13330,"AAATTAACGGGTAGCT-1","AAATTAACGGGTAGCT-1"
15307,13475,"CGGCCACGCACAAAGT-1","CGGCCACGCACAAAGT-1"
15055,13619,"GAAGCGTGAGGAATTT-1","GAAGCGTGAGGAATTT-1"
15307,13765,"ATATCTTAGGGCCTTC-1","ATATCTTAGGGCCTTC-1"
15055,13909,"ACGCGGGCCAAGGACA-1","ACGCGGGCCAAGGACA-1"
15307,14054,"GCGAGTTCTGCAAAGA-1","GCGAGTTCTGCAAAGA-1"
15055,14199,"TATTCGTGCCAGAATA-1","TATTCGTGCCAGAATA-1"
15307,14344,"AGGGCTGCAGTTACAG-1","AGGGCTGCAGTTACAG-1"
15055,14489,"CTAGCATAGTATAATG-1","CTAGCATAGTATAATG-1"
15307,14634,"TAGGTTCGAGTTCGTC-1","TAGGTTCGAGTTCGTC-1"
15055,14779,"GAATTATAGTGAAAGG-1","GAATTATAGTGAAAGG-1"
15307,14924,"CTATCGGGTCTCAACA-1","CTATCGGGTCTCAACA-1"
15055,15069,"GCGCTAATTGAATAGA-1","GCGCTAATTGAATAGA-1"
15307,15214,"ATGCGACAGTCCCATT-1","ATGCGACAGTCCCATT-1"
15054,15358,"GGTAGTGCTCGCACCA-1","GGTAGTGCTCGCACCA-1"
15307,15504,"AAGCTCGTGCCAAGTC-1","AAGCTCGTGCCAAGTC-1"
15054,15648,"TATTCAATTCTAATCC-1","TATTCAATTCTAATCC-1"
15306,15793,"TTCAAAGTCTCTAGCC-1","TTCAAAGTCTCTAGCC-1"
15054,15938,"TTGAATATGGACTTTC-1","TTGAATATGGACTTTC-1"
15306,16083,"AAGAGCTCTTTATCGG-1","AAGAGCTCTTTATCGG-1"
15054,16228,"TTACTCCGGCCGGGAA-1","TTACTCCGGCCGGGAA-1"
15306,16373,"AAACGAGACGGTTGAT-1","AAACGAGACGGTTGAT-1"
15054,16518,"GCTAAGTAGTTTCTCT-1","GCTAAGTAGTTTCTCT-1"
15306,16663,"ATAACGCCGGAGGGTC-1","ATAACGCCGGAGGGTC-1"
15054,16808,"GGATCCGGAATATACT-1","GGATCCGGAATATACT-1"
15306,16953,"TGAAAGGACCTGACTC-1","TGAAAGGACCTGACTC-1"
15054,17097,"TCCGCGGCAGCATCTG-1","TCCGCGGCAGCATCTG-1"
15306,17243,"TGCATATGTCTGTCAC-1","TGCATATGTCTGTCAC-1"
15053,17387,"TGTAGGAGAAATTTCC-1","TGTAGGAGAAATTTCC-1"
15306,17532,"AGTGAGACTTCCAGTA-1","AGTGAGACTTCCAGTA-1"
15053,17677,"CCCAAACATGCTGCTC-1","CCCAAACATGCTGCTC-1"
15305,17822,"GCTTATGAAGCAGGAA-1","GCTTATGAAGCAGGAA-1"
15053,17967,"TTCTAACCGAAGCTTA-1","TTCTAACCGAAGCTTA-1"
15305,18112,"GGATGTCCTTACCGCA-1","GGATGTCCTTACCGCA-1"
15053,18257,"AGGGTGCTCTCGAGGG-1","AGGGTGCTCTCGAGGG-1"
15305,18402,"AACTCTCAATAGAGCG-1","AACTCTCAATAGAGCG-1"
15053,18547,"TCTGAATTCCGTACAA-1","TCTGAATTCCGTACAA-1"
15305,18692,"GCGTGGTACTGGGTTA-1","GCGTGGTACTGGGTTA-1"
15053,18836,"CGTCGGATAGTGTTGA-1","CGTCGGATAGTGTTGA-1"
15563,5504,"TTAACGTTAAAGCCTG-1","TTAACGTTAAAGCCTG-1"
15815,5649,"CAGCGCCAACACGATA-1","CAGCGCCAACACGATA-1"
15563,5794,"ATCCAATGGTACCGAA-1","ATCCAATGGTACCGAA-1"
15815,5939,"GTGCTGCAGATAAGGA-1","GTGCTGCAGATAAGGA-1"
15563,6084,"GGCCTTTGCAACTGGC-1","GGCCTTTGCAACTGGC-1"
15815,6229,"GTCGTACCTACGATTG-1","GTCGTACCTACGATTG-1"
15563,6374,"TAGAAATTCACGTATA-1","TAGAAATTCACGTATA-1"
15815,6519,"AGAATAAATCTTCAGG-1","AGAATAAATCTTCAGG-1"
15563,6664,"CATTGCGAAATGGGCG-1","CATTGCGAAATGGGCG-1"
15815,6809,"GTCTACTCAATTACAA-1","GTCTACTCAATTACAA-1"
15563,6954,"TGTAATGACCACAATA-1","TGTAATGACCACAATA-1"
15815,7099,"AAAGTCGACCCTCAGT-1","AAAGTCGACCCTCAGT-1"
15562,7243,"TACTCGGCACGCCGGG-1","TACTCGGCACGCCGGG-1"
15815,7388,"AGGTGTATCGCCATGA-1","AGGTGTATCGCCATGA-1"
15562,7533,"TGTGCTTTACGTAAGA-1","TGTGCTTTACGTAAGA-1"
15814,7678,"AAACCTCATGAAGTTG-1","AAACCTCATGAAGTTG-1"
15562,7823,"TATAGGGTACTCATGA-1","TATAGGGTACTCATGA-1"
15814,7968,"CCAGCTGATGGTACTT-1","CCAGCTGATGGTACTT-1"
15562,8113,"AATATTGGAGTATTGA-1","AATATTGGAGTATTGA-1"
15814,8258,"GGCCCTCACCCACTTA-1","GGCCCTCACCCACTTA-1"
15562,8403,"AACCAAGACTTCTCTG-1","AACCAAGACTTCTCTG-1"
15814,8548,"TCGTATTACCCATTGC-1","TCGTATTACCCATTGC-1"
15562,8693,"ATTCGACGCCGGGCCT-1","ATTCGACGCCGGGCCT-1"
15814,8838,"GGCGCAGGACATCTTC-1","GGCGCAGGACATCTTC-1"
15562,8982,"GTACTCCCTTATCGCT-1","GTACTCCCTTATCGCT-1"
15814,9127,"TGGTCTGTTGGGCGTA-1","TGGTCTGTTGGGCGTA-1"
15562,9272,"AATAACAACGCTCGGC-1","AATAACAACGCTCGGC-1"
15814,9417,"CATACCCGTACCCAGT-1","CATACCCGTACCCAGT-1"
15561,9562,"ACAATCCATTTAAACC-1","ACAATCCATTTAAACC-1"
15814,9707,"GTTACAATTGGTGACG-1","GTTACAATTGGTGACG-1"
15561,9852,"TTGCCCTGATCACGGG-1","TTGCCCTGATCACGGG-1"
15813,9997,"CTAACCGCGCGCCCGT-1","CTAACCGCGCGCCCGT-1"
15561,10142,"CTAAAGAATGCCTACT-1","CTAAAGAATGCCTACT-1"
15813,10287,"ACCCATCTTGAGGGTA-1","ACCCATCTTGAGGGTA-1"
15561,10432,"GATCTTTGCAGGGTAT-1","GATCTTTGCAGGGTAT-1"
15813,10577,"GGGTACTTCATGAACT-1","GGGTACTTCATGAACT-1"
15561,10721,"GCCGCTTGTGAGAAAC-1","GCCGCTTGTGAGAAAC-1"
15813,10866,"CCTGTAAGACATGATA-1","CCTGTAAGACATGATA-1"
15561,11011,"CGACAGTTCGCGTTAT-1","CGACAGTTCGCGTTAT-1"
15813,11156,"ACGATGCATATGTTAT-1","ACGATGCATATGTTAT-1"
15561,11301,"TGTTCCGCTTCCATGA-1","TGTTCCGCTTCCATGA-1"
15813,11446,"GGATGACGCGAGTTTA-1","GGATGACGCGAGTTTA-1"
15560,11591,"GAAGTTTCCACTCAAT-1","GAAGTTTCCACTCAAT-1"
15813,11736,"GCGAGGCCCGAGCAGA-1","GCGAGGCCCGAGCAGA-1"
15560,11881,"CATACTATGTAATTGT-1","CATACTATGTAATTGT-1"
15812,12026,"CCAATGTCACAGCAAG-1","CCAATGTCACAGCAAG-1"
15560,12171,"GTTGGATTTGCGTTGG-1","GTTGGATTTGCGTTGG-1"
15812,12316,"GGGAGGATGCCCGAAA-1","GGGAGGATGCCCGAAA-1"
15560,12460,"GATCGCGGGCTCTCCA-1","GATCGCGGGCTCTCCA-1"
15812,12605,"GTTCGCCATAAGTGCC-1","GTTCGCCATAAGTGCC-1"
15560,12750,"AGATTATAGGACGTTT-1","AGATTATAGGACGTTT-1"
15812,12895,"TCGAGACCAACACCGT-1","TCGAGACCAACACCGT-1"
15560,13040,"TATGGGACCGAGCAGG-1","TATGGGACCGAGCAGG-1"
15812,13185,"GATGCGTCCTGCATTC-1","GATGCGTCCTGCATTC-1"
15560,13330,"TATGGTCTGAGTAACA-1","TATGGTCTGAGTAACA-1"
15812,13475,"GCATAGAGCACTCAGG-1","GCATAGAGCACTCAGG-1"
15560,13620,"CTTCATTGTCAGTGGA-1","CTTCATTGTCAGTGGA-1"
15812,13765,"GCAGATTAGGGATATC-1","GCAGATTAGGGATATC-1"
15559,13910,"CCTGTCGCCCGTAAAT-1","CCTGTCGCCCGTAAAT-1"
15811,14055,"CAATTTCGTATAAGGG-1","CAATTTCGTATAAGGG-1"
15559,14199,"GTACACTTACCTGAAG-1","GTACACTTACCTGAAG-1"
15811,14344,"CCAGCCTGGACCAATA-1","CCAGCCTGGACCAATA-1"
15559,14489,"ATGGAGCAGGCCGTGA-1","ATGGAGCAGGCCGTGA-1"
15811,14634,"GTCATTAGAGCGAACG-1","GTCATTAGAGCGAACG-1"
15559,14779,"AAGACTGCAAGCTACT-1","AAGACTGCAAGCTACT-1"
15811,14924,"CTAGTCACGTCTTAAG-1","CTAGTCACGTCTTAAG-1"
15559,15069,"ACTCTTGTATAGTAAC-1","ACTCTTGTATAGTAAC-1"
15811,15214,"ATTAGGCGATGCTTTC-1","ATTAGGCGATGCTTTC-1"
15559,15359,"TTCGGGACTAATCGCG-1","TTCGGGACTAATCGCG-1"
15811,15504,"TGGACTGTTCGCTCAA-1","TGGACTGTTCGCTCAA-1"
15559,15649,"AACGTGCGAAAGTCTC-1","AACGTGCGAAAGTCTC-1"
15811,15794,"CCACCCAAGGAAAGTG-1","CCACCCAAGGAAAGTG-1"
15558,15938,"CCGCACAAAGACCAAC-1","CCGCACAAAGACCAAC-1"
15811,16083,"GCGATTGTTAACGTTA-1","GCGATTGTTAACGTTA-1"
15558,16228,"ACTCGTCAGTAATCCC-1","ACTCGTCAGTAATCCC-1"
15810,16373,"GGTGATAAGGAGCAGT-1","GGTGATAAGGAGCAGT-1"
15558,16518,"AAGAGGCATGGATCGC-1","AAGAGGCATGGATCGC-1"
15810,16663,"CACGTTCGTGCTCTAG-1","CACGTTCGTGCTCTAG-1"
15558,16808,"CTATTTGGTTACGGAT-1","CTATTTGGTTACGGAT-1"
15810,16953,"GTACAGAGGCAAGGGT-1","GTACAGAGGCAAGGGT-1"
15558,17098,"GGGCCGGCCGAAGTAC-1","GGGCCGGCCGAAGTAC-1"
15810,17243,"CCTGAACGATATATTC-1","CCTGAACGATATATTC-1"
15558,17388,"CCGGGCTGCTCCATAC-1","CCGGGCTGCTCCATAC-1"
15810,17533,"TACTTGTTAGTAGTCC-1","TACTTGTTAGTAGTCC-1"
15558,17677,"CCTAGGCGTAGCGATC-1","CCTAGGCGTAGCGATC-1"
15810,17822,"CTGGCGCACAGGTCTG-1","CTGGCGCACAGGTCTG-1"
15558,17967,"ACTTATACTTACCCGG-1","ACTTATACTTACCCGG-1"
15810,18112,"GAAGTCTCCCTAGCGA-1","GAAGTCTCCCTAGCGA-1"
15557,18257,"ACCGATGGTAGCATCG-1","ACCGATGGTAGCATCG-1"
15809,18402,"CGAGTTTATCGGACTG-1","CGAGTTTATCGGACTG-1"
15557,18547,"CATAACGGACAGTCGT-1","CATAACGGACAGTCGT-1"
15809,18692,"TGACGATGCACTAGAA-1","TGACGATGCACTAGAA-1"
15557,18837,"TAGGGAGCTTGGGATG-1","TAGGGAGCTTGGGATG-1"
15809,18982,"AGGGTCGATGCGAACT-1","AGGGTCGATGCGAACT-1"
16067,5794,"GACCGTTACATGCGAC-1","GACCGTTACATGCGAC-1"
16320,5939,"GGTTCGGATTATACTA-1","GGTTCGGATTATACTA-1"
16067,6084,"CCTCCTGAGCCCACAT-1","CCTCCTGAGCCCACAT-1"
16319,6229,"CCGCGATTTGGTAGGT-1","CCGCGATTTGGTAGGT-1"
16067,6374,"AATCTCTACTGTGGTT-1","AATCTCTACTGTGGTT-1"
16319,6519,"ACTTTGACTGCATCCT-1","ACTTTGACTGCATCCT-1"
16067,6664,"CCCTGACTAACAAATT-1","CCCTGACTAACAAATT-1"
16319,6809,"ACGCTGTGAGGCGTAG-1","ACGCTGTGAGGCGTAG-1"
16067,6954,"GCATACGAGGTCTTTA-1","GCATACGAGGTCTTTA-1"
16319,7099,"TCGGGATTCAAACATA-1","TCGGGATTCAAACATA-1"
16067,7244,"GGGCCCTACGAAAGGG-1","GGGCCCTACGAAAGGG-1"
16319,7389,"CGCCAAGAAGCCGAGT-1","CGCCAAGAAGCCGAGT-1"
16067,7533,"GGTACATCTGGGACGA-1","GGTACATCTGGGACGA-1"
16319,7678,"GGATGCTGGCGTTCCT-1","GGATGCTGGCGTTCCT-1"
16067,7823,"CCGATTCGAGGGACCC-1","CCGATTCGAGGGACCC-1"
16319,7968,"CCACTGGTGGCTGGTT-1","CCACTGGTGGCTGGTT-1"
16066,8113,"GACAGGCACACACTAT-1","GACAGGCACACACTAT-1"
16318,8258,"TCAACGCGACCGGCAG-1","TCAACGCGACCGGCAG-1"
16066,8403,"CTACGACTAGCTATAA-1","CTACGACTAGCTATAA-1"
16318,8548,"CGGTTGACCTGGCATA-1","CGGTTGACCTGGCATA-1"
16066,8693,"ATCCTGAATCGCTGCG-1","ATCCTGAATCGCTGCG-1"
16318,8838,"GTTTCATATCGTCGCT-1","GTTTCATATCGTCGCT-1"
16066,8983,"ATAAATATTAGCAGCT-1","ATAAATATTAGCAGCT-1"
16318,9128,"AAGAGGATGTACGCGA-1","AAGAGGATGTACGCGA-1"
16066,9272,"TCCTGCGTTGATACTC-1","TCCTGCGTTGATACTC-1"
16318,9417,"CGTGCATTGTCGACGC-1","CGTGCATTGTCGACGC-1"
16066,9562,"CCGGGTTCGAGGTTAC-1","CCGGGTTCGAGGTTAC-1"
16318,9707,"CCCAATTTCACAACTT-1","CCCAATTTCACAACTT-1"
16066,9852,"TGATTTATTAGCTGTG-1","TGATTTATTAGCTGTG-1"
16318,9997,"TGGAAGAAGGGAACGT-1","TGGAAGAAGGGAACGT-1"
16065,10142,"GACGCTTGCTTCTAAA-1","GACGCTTGCTTCTAAA-1"
16318,10287,"GGGAACGGGAGGTTAG-1","GGGAACGGGAGGTTAG-1"
16065,10432,"GCGGCTCTGACGTACC-1","GCGGCTCTGACGTACC-1"
16317,10577,"ACGTTAGATTTGCCCG-1","ACGTTAGATTTGCCCG-1"
16065,10722,"GAGAGGGCGCGAGGTT-1","GAGAGGGCGCGAGGTT-1"
16317,10867,"GCGTCTCTGCATTGGG-1","GCGTCTCTGCATTGGG-1"
16065,11011,"GCAGCACACAGCCCAG-1","GCAGCACACAGCCCAG-1"
16317,11156,"CAGGCCGTTTGGGTGT-1","CAGGCCGTTTGGGTGT-1"
16065,11301,"AACTCAAGTTAATTGC-1","AACTCAAGTTAATTGC-1"
16317,11446,"CTTCGTAGATAGGTGA-1","CTTCGTAGATAGGTGA-1"
16065,11591,"TGCAGAGTACCGAGCA-1","TGCAGAGTACCGAGCA-1"
16317,11736,"GAAGTGATTTATCGTG-1","GAAGTGATTTATCGTG-1"
16065,11881,"CGCTACGGGACATTTA-1","CGCTACGGGACATTTA-1"
16317,12026,"CCACACTGAGATATTA-1","CCACACTGAGATATTA-1"
16065,12171,"CGATCCGACCCAGTGC-1","CGATCCGACCCAGTGC-1"
16317,12316,"CTGTACTTCTTAGCAT-1","CTGTACTTCTTAGCAT-1"
16064,12461,"ACTTATTAGGATCGGT-1","ACTTATTAGGATCGGT-1"
16316,12606,"TAGTCCGCAGAGAATG-1","TAGTCCGCAGAGAATG-1"
16064,12750,"TTCACGAAAGGATCAC-1","TTCACGAAAGGATCAC-1"
16316,12895,"TACATTTCTAACGTGC-1","TACATTTCTAACGTGC-1"
16064,13040,"ACCATATCCGCAATAA-1","ACCATATCCGCAATAA-1"
16316,13185,"CACTCAAGAGCTATGG-1","CACTCAAGAGCTATGG-1"
16064,13330,"TGTACGAACAAATCCG-1","TGTACGAACAAATCCG-1"
16316,13475,"ATCATCCAATATTTGT-1","ATCATCCAATATTTGT-1"
16064,13620,"CGCTATTCTTAGGCTC-1","CGCTATTCTTAGGCTC-1"
16316,13765,"TGGCAGCAGTAATAGT-1","TGGCAGCAGTAATAGT-1"
16064,13910,"TCACGTGCCCGATTCA-1","TCACGTGCCCGATTCA-1"
16316,14055,"CATACGGCGTCTGGGC-1","CATACGGCGTCTGGGC-1"
16064,14200,"CACATGATTCAGCAAC-1","CACATGATTCAGCAAC-1"
16316,14345,"GCTAGTAGAGCTTGTA-1","GCTAGTAGAGCTTGTA-1"
16063,14489,"TGCTGTTGAAGAACTC-1","TGCTGTTGAAGAACTC-1"
16316,14634,"CGGAGCATGGCGATCC-1","CGGAGCATGGCGATCC-1"
16063,14779,"TAGCGTTGGGTCTTAC-1","TAGCGTTGGGTCTTAC-1"
16315,14924,"GTAGCGGCTATACACT-1","GTAGCGGCTATACACT-1"
16063,15069,"TAACATACAATGTGGG-1","TAACATACAATGTGGG-1"
16315,15214,"TCTTCGAATAGACGTT-1","TCTTCGAATAGACGTT-1"
16063,15359,"GATCGTGACTGATATC-1","GATCGTGACTGATATC-1"
16315,15504,"GATCCGGGAATTAACA-1","GATCCGGGAATTAACA-1"
16063,15649,"TTATATACGCTGTCAC-1","TTATATACGCTGTCAC-1"
16315,15794,"GTCGCGTAACCCGTTG-1","GTCGCGTAACCCGTTG-1"
16063,15939,"AGCTCTAGACGTTCCA-1","AGCTCTAGACGTTCCA-1"
16315,16084,"GTCAAGCGGACTCGGG-1","GTCAAGCGGACTCGGG-1"
16063,16228,"CGAGGGACTGCGGTCG-1","CGAGGGACTGCGGTCG-1"
16315,16373,"AATCGCCTCAGCGCCA-1","AATCGCCTCAGCGCCA-1"
16063,16518,"CTTGTTGCTGAGTCAA-1","CTTGTTGCTGAGTCAA-1"
16315,16663,"GATATGAGACACTAAC-1","GATATGAGACACTAAC-1"
16062,16808,"TTATGATCTTAACGAA-1","TTATGATCTTAACGAA-1"
16314,16953,"CGCCGCCCATGCCTGT-1","CGCCGCCCATGCCTGT-1"
16062,17098,"CTGGGATAAATAATGG-1","CTGGGATAAATAATGG-1"
16314,17243,"GTGCCCGTTCGGATTC-1","GTGCCCGTTCGGATTC-1"
16062,17388,"TTCAATACTCTGAATC-1","TTCAATACTCTGAATC-1"
16314,17533,"CGCACATGTCCACTAC-1","CGCACATGTCCACTAC-1"
16062,17678,"AGAAGAGCGCCGTTCC-1","AGAAGAGCGCCGTTCC-1"
16314,17823,"GATAACTCGCACTGTG-1","GATAACTCGCACTGTG-1"
16062,17967,"AGTCGACGGTCTCAAG-1","AGTCGACGGTCTCAAG-1"
16314,18112,"GTGACCGCACACTACG-1","GTGACCGCACACTACG-1"
16062,18257,"GTATGTGGGTCTAGTT-1","GTATGTGGGTCTAGTT-1"
16314,18402,"CTTGAGTTAGGGTAAT-1","CTTGAGTTAGGGTAAT-1"
16062,18547,"TTAGCTGATTTGCCGT-1","TTAGCTGATTTGCCGT-1"
16314,18692,"GCTGTTGCTACCGAAC-1","GCTGTTGCTACCGAAC-1"
16061,18837,"TATTACCATCCTGCTT-1","TATTACCATCCTGCTT-1"
16314,18982,"TTGAATTCACGTGAGG-1","TTGAATTCACGTGAGG-1"
16061,19127,"CCATCTCACCAGTGAA-1","CCATCTCACCAGTGAA-1"
16313,19272,"CGCACGTGCGCTATCA-1","CGCACGTGCGCTATCA-1"
16572,6084,"CACCACGCCACACAGA-1","CACCACGCCACACAGA-1"
16824,6230,"GAACCTCGACCTACAC-1","GAACCTCGACCTACAC-1"
16572,6374,"CAATACGCTCTGAGGC-1","CAATACGCTCTGAGGC-1"
16824,6519,"TGGTAAGCAGGATTGA-1","TGGTAAGCAGGATTGA-1"
16571,6664,"AGTGGCTCCGTCGGCC-1","AGTGGCTCCGTCGGCC-1"
16823,6809,"GATCGGATAGAACCAT-1","GATCGGATAGAACCAT-1"
16571,6954,"GCTACAGTACGGACCG-1","GCTACAGTACGGACCG-1"
16823,7099,"TCTATTACTAGAGGAT-1","TCTATTACTAGAGGAT-1"
16571,7244,"TTCAGGCGTCAAAGCC-1","TTCAGGCGTCAAAGCC-1"
16823,7389,"AGACCGGGAAACCCTG-1","AGACCGGGAAACCCTG-1"
16571,7534,"AGAGATCTCTAAAGCG-1","AGAGATCTCTAAAGCG-1"
16823,7679,"CCCTGCCCAATCCGCT-1","CCCTGCCCAATCCGCT-1"
16571,7823,"GTGGCGGTCCCAGCGT-1","GTGGCGGTCCCAGCGT-1"
16823,7969,"GCATTGTAATTCATAT-1","GCATTGTAATTCATAT-1"
16571,8113,"CCGTTCCGAATCTCGG-1","CCGTTCCGAATCTCGG-1"
16823,8258,"AGCTTGATCTTAACTT-1","AGCTTGATCTTAACTT-1"
16571,8403,"CCTGTACTCACGCCCA-1","CCTGTACTCACGCCCA-1"
16823,8548,"AAGTGACGACCGAATT-1","AAGTGACGACCGAATT-1"
16570,8693,"CTCACTTGGCTGGTAA-1","CTCACTTGGCTGGTAA-1"
16823,8838,"CGCCTGGCCTACGTAA-1","CGCCTGGCCTACGTAA-1"
16570,8983,"CCCGTAAGTCTAGGCC-1","CCCGTAAGTCTAGGCC-1"
16822,9128,"TTGGACATGTGGCTTA-1","TTGGACATGTGGCTTA-1"
16570,9273,"ATTACGCGCTGGCAGG-1","ATTACGCGCTGGCAGG-1"
16822,9418,"ACGCGCTACACAGGGT-1","ACGCGCTACACAGGGT-1"
16570,9562,"TACGTTTACCGGCAAT-1","TACGTTTACCGGCAAT-1"
16822,9708,"CGAAACGCAATTCATG-1","CGAAACGCAATTCATG-1"
16570,9852,"TAGTCTAACAACGAGA-1","TAGTCTAACAACGAGA-1"
16822,9997,"TTGCATGCTGATCACG-1","TTGCATGCTGATCACG-1"
16570,10142,"TCTGGGTAGCGCTCAT-1","TCTGGGTAGCGCTCAT-1"
16822,10287,"ACATCGGTCAGCCGCG-1","ACATCGGTCAGCCGCG-1"
16570,10432,"AGATACCGGTGTTCAC-1","AGATACCGGTGTTCAC-1"
16822,10577,"GATTACTGAATTTGGG-1","GATTACTGAATTTGGG-1"
16570,10722,"TCCAACTTTAAATTCT-1","TCCAACTTTAAATTCT-1"
16822,10867,"TCCTAGCAAAGAAGCT-1","TCCTAGCAAAGAAGCT-1"
16569,11012,"GTCTATCTGAGTTTCT-1","GTCTATCTGAGTTTCT-1"
16821,11157,"GATGTTCAATCCACGA-1","GATGTTCAATCCACGA-1"
16569,11302,"AGTTAAACACTTGCGA-1","AGTTAAACACTTGCGA-1"
16821,11447,"AGCTCTTTACTCAGTT-1","AGCTCTTTACTCAGTT-1"
16569,11591,"ATCCAGGATTCGTGAA-1","ATCCAGGATTCGTGAA-1"
16821,11736,"AGTCAACACCACCATC-1","AGTCAACACCACCATC-1"
16569,11881,"CGATACCTCGCGGACA-1","CGATACCTCGCGGACA-1"
16821,12026,"TACAACGCACAACTCA-1","TACAACGCACAACTCA-1"
16569,12171,"AATTAAAGGTCGGCGT-1","AATTAAAGGTCGGCGT-1"
16821,12316,"TACGCAGTTCTTTCCT-1","TACGCAGTTCTTTCCT-1"
16569,12461,"GACCGTGCTGACGGTG-1","GACCGTGCTGACGGTG-1"
16821,12606,"GGCAAATTACTTTACT-1","GGCAAATTACTTTACT-1"
16569,12751,"GGTACAAACATGCTAT-1","GGTACAAACATGCTAT-1"
16821,12896,"CGGGCCTTCTTTGTAA-1","CGGGCCTTCTTTGTAA-1"
16568,13041,"CGTGAAGTTAATTCAC-1","CGTGAAGTTAATTCAC-1"
16821,13186,"ATAGTGAAGCGTTCTC-1","ATAGTGAAGCGTTCTC-1"
16568,13330,"TACGCCATATTCTAAT-1","TACGCCATATTCTAAT-1"
16820,13475,"GCCGGGTTAGGGTCGC-1","GCCGGGTTAGGGTCGC-1"
16568,13620,"TACATAGGCATACACC-1","TACATAGGCATACACC-1"
16820,13765,"GCCGATTGGCCAAGCT-1","GCCGATTGGCCAAGCT-1"
16568,13910,"CTGCCATGCATCACAT-1","CTGCCATGCATCACAT-1"
16820,14055,"TTATGAATGAAAGGGA-1","TTATGAATGAAAGGGA-1"
16568,14200,"GCTGAGGCGTGAGTAT-1","GCTGAGGCGTGAGTAT-1"
16820,14345,"GCGCCGTTCCACGATA-1","GCGCCGTTCCACGATA-1"
16568,14490,"CGCATGGTGCGATGCT-1","CGCATGGTGCGATGCT-1"
16820,14635,"AGGTTTCACACACCTT-1","AGGTTTCACACACCTT-1"
16568,14780,"CAAGGATCGCATGTTC-1","CAAGGATCGCATGTTC-1"
16820,14925,"ACGTTAATGTCGAAGA-1","ACGTTAATGTCGAAGA-1"
16567,15069,"TCCAGAGCACCGGTTC-1","TCCAGAGCACCGGTTC-1"
16820,15214,"GATTCGACGGTTCACG-1","GATTCGACGGTTCACG-1"
16567,15359,"GTTTCTGCAGTCTCCC-1","GTTTCTGCAGTCTCCC-1"
16819,15504,"GCTGCACGGTTTCTTA-1","GCTGCACGGTTTCTTA-1"
16567,15649,"CGTGCAGACTGGGACA-1","CGTGCAGACTGGGACA-1"
16819,15794,"GTGTTACTATGCGTCC-1","GTGTTACTATGCGTCC-1"
16567,15939,"TCCTCGGGCTGGGCTT-1","TCCTCGGGCTGGGCTT-1"
16819,16084,"GTGAGGACACTTAAGG-1","GTGAGGACACTTAAGG-1"
16567,16229,"ATACGCCGGCGAAACC-1","ATACGCCGGCGAAACC-1"
16819,16374,"TCTGCCAGAAACTGCA-1","TCTGCCAGAAACTGCA-1"
16567,16519,"TTCTGCGGGTTAGCGG-1","TTCTGCGGGTTAGCGG-1"
16819,16664,"CTCGGTACCACTGCTC-1","CTCGGTACCACTGCTC-1"
16567,16808,"GTAAGTAACAGTCTGG-1","GTAAGTAACAGTCTGG-1"
16819,16953,"GTGCGTGTATATGAGC-1","GTGCGTGTATATGAGC-1"
16567,17098,"ATTTGTCTTGGGAGCT-1","ATTTGTCTTGGGAGCT-1"
16819,17243,"CCTCGGACCGGGATAG-1","CCTCGGACCGGGATAG-1"
16566,17388,"TAGGTGCTCGCCTAGC-1","TAGGTGCTCGCCTAGC-1"
16819,17533,"CTTTAGGAACACTGTT-1","CTTTAGGAACACTGTT-1"
16566,17678,"TCGGGCCGTCGTGGTA-1","TCGGGCCGTCGTGGTA-1"
16818,17823,"AGTGCTTGCACGAATA-1","AGTGCTTGCACGAATA-1"
16566,17968,"TGCAGTTTCCTCCCAT-1","TGCAGTTTCCTCCCAT-1"
16818,18113,"TGAGAGATTTACCACG-1","TGAGAGATTTACCACG-1"
16566,18258,"GAAACAGATGACCACC-1","GAAACAGATGACCACC-1"
16818,18403,"AGCAACATATCTTATT-1","AGCAACATATCTTATT-1"
16566,18547,"CAAGTGTGGTTGCAAA-1","CAAGTGTGGTTGCAAA-1"
16818,18692,"GCCTCATCTGGAAATA-1","GCCTCATCTGGAAATA-1"
16566,18837,"AACCCTACTGTCAATA-1","AACCCTACTGTCAATA-1"
16818,18982,"ACGTATTACTCCGATC-1","ACGTATTACTCCGATC-1"
16566,19127,"TCTGGGAACCTTTGAA-1","TCTGGGAACCTTTGAA-1"
16818,19272,"GCTCGCTCATGTCCAA-1","GCTCGCTCATGTCCAA-1"
17076,6664,"TGGCTCTTGTCGCGTA-1","TGGCTCTTGTCGCGTA-1"
17076,6954,"CATAAGCTCTCCGTCT-1","CATAAGCTCTCCGTCT-1"
17075,7244,"TGCAGCTACGTACTTC-1","TGCAGCTACGTACTTC-1"
17328,7389,"CTCTACACTGGCGATT-1","CTCTACACTGGCGATT-1"
17075,7534,"TGCAGATCGTCCTAGG-1","TGCAGATCGTCCTAGG-1"
17327,7679,"TGCCAAAGTCAGACTT-1","TGCCAAAGTCAGACTT-1"
17327,7969,"CATGCCAACTCGCAAA-1","CATGCCAACTCGCAAA-1"
17075,8114,"TGCAGAACTATATCGT-1","TGCAGAACTATATCGT-1"
17075,8403,"TGATCAGGGAACTGCT-1","TGATCAGGGAACTGCT-1"
17075,8693,"AGCCCATACATGTAAG-1","AGCCCATACATGTAAG-1"
17327,8838,"ATCCAATGGAGGGTCC-1","ATCCAATGGAGGGTCC-1"
17075,8983,"AAACCGGGTAGGTACC-1","AAACCGGGTAGGTACC-1"
17327,9128,"GCAACCACGGCCGCGT-1","GCAACCACGGCCGCGT-1"
17074,9273,"CGCTTATTCCCGGTCG-1","CGCTTATTCCCGGTCG-1"
17327,9418,"TTACTCTGGTACGTAC-1","TTACTCTGGTACGTAC-1"
17074,9563,"GTGGTTTCCGCCTTTC-1","GTGGTTTCCGCCTTTC-1"
17326,9708,"ATAGGCGGCTATAGAA-1","ATAGGCGGCTATAGAA-1"
17074,9853,"GTGCCATCACACGGTG-1","GTGCCATCACACGGTG-1"
17326,9998,"CCCAACATACGTCGCG-1","CCCAACATACGTCGCG-1"
17074,10142,"CGGTGCAGATAGAACG-1","CGGTGCAGATAGAACG-1"
17326,10287,"GGGCGGGTTCCCTACG-1","GGGCGGGTTCCCTACG-1"
17074,10432,"TGAGCCATACAGTCTC-1","TGAGCCATACAGTCTC-1"
17326,10577,"CTCCGCCCACATGAGG-1","CTCCGCCCACATGAGG-1"
17074,10722,"GTTGAACCGGTTCCAT-1","GTTGAACCGGTTCCAT-1"
17326,10867,"TTGACTACCATATGGT-1","TTGACTACCATATGGT-1"
17074,11012,"ACCATCGTATATGGTA-1","ACCATCGTATATGGTA-1"
17326,11157,"TGCGTAAGAACCTGAT-1","TGCGTAAGAACCTGAT-1"
17074,11302,"AGAAGGTTGCCGAATT-1","AGAAGGTTGCCGAATT-1"
17326,11447,"AGGACGACCCATTAGA-1","AGGACGACCCATTAGA-1"
17073,11592,"GGTGCTGGTACACATT-1","GGTGCTGGTACACATT-1"
17326,11737,"GCGCTATGCCGAGGCA-1","GCGCTATGCCGAGGCA-1"
17073,11881,"ACCCGGTTACACTTCC-1","ACCCGGTTACACTTCC-1"
17325,12026,"TAACTCATCCGCGCGG-1","TAACTCATCCGCGCGG-1"
17325,12316,"GTTACTTTGGGCCTAG-1","GTTACTTTGGGCCTAG-1"
17073,12461,"GGGCCCGTCTTAAACA-1","GGGCCCGTCTTAAACA-1"
17325,12606,"GAAATTGTCTCTATAA-1","GAAATTGTCTCTATAA-1"
17073,12751,"GGCGCATGAATTGATG-1","GGCGCATGAATTGATG-1"
17325,12896,"CATATAGGTACAGTCA-1","CATATAGGTACAGTCA-1"
17073,13041,"TCAACGAGGAGACAAA-1","TCAACGAGGAGACAAA-1"
17325,13186,"TTGCACAATTCAGAAA-1","TTGCACAATTCAGAAA-1"
17073,13331,"CATCGGACGGGTTAAT-1","CATCGGACGGGTTAAT-1"
17325,13476,"ATTAAACATGCGGACC-1","ATTAAACATGCGGACC-1"
17072,13620,"TATCTACCACAGCGGG-1","TATCTACCACAGCGGG-1"
17325,13765,"CGAGACCCTAGAGTGT-1","CGAGACCCTAGAGTGT-1"
17072,13910,"ACATCGATCGTTTACC-1","ACATCGATCGTTTACC-1"
17324,14055,"ATCGACCCAATACAGA-1","ATCGACCCAATACAGA-1"
17072,14200,"GAATCTGAACATTCTC-1","GAATCTGAACATTCTC-1"
17324,14345,"AGTTCCTATTTATGTT-1","AGTTCCTATTTATGTT-1"
17072,14490,"CAGTCTGTATACTGGG-1","CAGTCTGTATACTGGG-1"
17324,14635,"GGAGACGACACCTTTG-1","GGAGACGACACCTTTG-1"
17072,14780,"CCTAAATTAACGGTTC-1","CCTAAATTAACGGTTC-1"
17324,14925,"GCTACGACTTATTGGG-1","GCTACGACTTATTGGG-1"
17072,15070,"CTGTGCAGGGTAGGTC-1","CTGTGCAGGGTAGGTC-1"
17324,15215,"ACGCCGCTAGACGACC-1","ACGCCGCTAGACGACC-1"
17072,15359,"ACTTGACTCCCTCTTT-1","ACTTGACTCCCTCTTT-1"
17324,15504,"CGCCTCCCTCCTCTAT-1","CGCCTCCCTCCTCTAT-1"
17072,15649,"CTAGATTTACGACGGC-1","CTAGATTTACGACGGC-1"
17324,15794,"GATGCTGTATTTCATC-1","GATGCTGTATTTCATC-1"
17071,15939,"TGCGTTTGTTGACACT-1","TGCGTTTGTTGACACT-1"
17323,16084,"CGTGCCCTCCCGAAGA-1","CGTGCCCTCCCGAAGA-1"
17071,16229,"ACTCTCTGACTTAGGT-1","ACTCTCTGACTTAGGT-1"
17323,16374,"CTGGGTAGGCAGTTAA-1","CTGGGTAGGCAGTTAA-1"
17071,16519,"GTTTGGCCCAAGTTAT-1","GTTTGGCCCAAGTTAT-1"
17323,16664,"GAATGTGGTCCGGATT-1","GAATGTGGTCCGGATT-1"
17071,16809,"CCCAGTTAAGGCGCCG-1","CCCAGTTAAGGCGCCG-1"
17323,16954,"CGGTACTAGAATCAAA-1","CGGTACTAGAATCAAA-1"
17071,17098,"GCTTAATGTAACTAAC-1","GCTTAATGTAACTAAC-1"
17323,17243,"AGGACAGTCGAATCCC-1","AGGACAGTCGAATCCC-1"
17071,17388,"GACAGCCAGACCTGAC-1","GACAGCCAGACCTGAC-1"
17323,17533,"GGCGAAATCTAACTTG-1","GGCGAAATCTAACTTG-1"
17071,17678,"CTGGTAACACATAGAA-1","CTGGTAACACATAGAA-1"
17323,17823,"TAGCCATTTCAAAGTC-1","TAGCCATTTCAAAGTC-1"
17070,17968,"GGGATTTACCGCACCT-1","GGGATTTACCGCACCT-1"
17323,18113,"ATGCCATTTGCGACCA-1","ATGCCATTTGCGACCA-1"
17070,18258,"GAATAGACGCGACCCA-1","GAATAGACGCGACCCA-1"
17322,18403,"TGTATGGCGCAGACAG-1","TGTATGGCGCAGACAG-1"
17070,18548,"GGATGAAGATCGCTGA-1","GGATGAAGATCGCTGA-1"
17322,18693,"CGACAATTTGATCTAA-1","CGACAATTTGATCTAA-1"
17070,18837,"AAAGTTGACTCCCGTA-1","AAAGTTGACTCCCGTA-1"
17322,18982,"CGCGGCTCAACTTGAA-1","CGCGGCTCAACTTGAA-1"
17070,19127,"CACGCGGAACTGTTGC-1","CACGCGGAACTGTTGC-1"
17322,19272,"TCTTAGAGTGAACTCT-1","TCTTAGAGTGAACTCT-1"
17070,19417,"AGTCCATTGGCTGATG-1","AGTCCATTGGCTGATG-1"
17579,9273,"CTGGGCCTGCTATATC-1","CTGGGCCTGCTATATC-1"
17579,9563,"TTGACATGAACGTGGA-1","TTGACATGAACGTGGA-1"
17579,9853,"TACCGGTCGTTTCCAT-1","TACCGGTCGTTTCCAT-1"
17831,9998,"CGAGTACTAAAGAGGA-1","CGAGTACTAAAGAGGA-1"
17578,10143,"GCAAGAATTCCTTGGC-1","GCAAGAATTCCTTGGC-1"
17830,10288,"TCGCCGAAGTTGCGTC-1","TCGCCGAAGTTGCGTC-1"
17578,10432,"TTGAGAGTACTGCTAA-1","TTGAGAGTACTGCTAA-1"
17830,10578,"GCCACAATTTAAGGAC-1","GCCACAATTTAAGGAC-1"
17578,10722,"ATATTCAGTTAAACCT-1","ATATTCAGTTAAACCT-1"
17830,10867,"TGAGTGCCTCTTAAAT-1","TGAGTGCCTCTTAAAT-1"
17578,11012,"ATCAGACGGCACGCCG-1","ATCAGACGGCACGCCG-1"
17830,11157,"GTGCGAAATCGAACAC-1","GTGCGAAATCGAACAC-1"
17578,11302,"GTGCCGCTTCAAAGGT-1","GTGCCGCTTCAAAGGT-1"
17830,11447,"GATACGATGGGAGTCA-1","GATACGATGGGAGTCA-1"
17578,11592,"GACACTGAGTTCAGTG-1","GACACTGAGTTCAGTG-1"
17830,11737,"ATCCTGCGTGGAATGG-1","ATCCTGCGTGGAATGG-1"
17578,11882,"ATCCTACCTAAGCTCT-1","ATCCTACCTAAGCTCT-1"
17830,12027,"AGTGATATGAGTAGTT-1","AGTGATATGAGTAGTT-1"
17577,12171,"ATGATGCAATGGTACA-1","ATGATGCAATGGTACA-1"
17830,12317,"GAAACCGAATTACCTT-1","GAAACCGAATTACCTT-1"
17577,12461,"AGTGACCTACTTTACG-1","AGTGACCTACTTTACG-1"
17829,12606,"CAAATGTCCTTCCGTG-1","CAAATGTCCTTCCGTG-1"
17577,12751,"TTACTGGGATATTTCA-1","TTACTGGGATATTTCA-1"
17829,12896,"CTTGCCCAGGCTCTAC-1","CTTGCCCAGGCTCTAC-1"
17577,13041,"AAATCGTGTACCACAA-1","AAATCGTGTACCACAA-1"
17829,13186,"GTGATCATAGATCTGC-1","GTGATCATAGATCTGC-1"
17577,13331,"TGGCAGATTACGATCA-1","TGGCAGATTACGATCA-1"
17829,13476,"TCACCCTCTTAAGATT-1","TCACCCTCTTAAGATT-1"
17577,13621,"CAGGATATATCGTTGT-1","CAGGATATATCGTTGT-1"
17829,13766,"CCTGACCACCGATGGT-1","CCTGACCACCGATGGT-1"
17577,13910,"CTAAAGGGAAATAGGA-1","CTAAAGGGAAATAGGA-1"
17829,14056,"CCGCTATCAGCACCAG-1","CCGCTATCAGCACCAG-1"
17577,14200,"CTTTAGTGCTATTATT-1","CTTTAGTGCTATTATT-1"
17829,14345,"CGGGAATTTATGTAAA-1","CGGGAATTTATGTAAA-1"
17576,14490,"TACGACTGCCTCTTAG-1","TACGACTGCCTCTTAG-1"
17828,14635,"AAACTGCTGGCTCCAA-1","AAACTGCTGGCTCCAA-1"
17576,14780,"GTACGTTTGCCCGTCA-1","GTACGTTTGCCCGTCA-1"
17828,14925,"GGCAAGGCGAAATAGC-1","GGCAAGGCGAAATAGC-1"
17576,15070,"GATCTTGGAGGGCATA-1","GATCTTGGAGGGCATA-1"
17828,15215,"AGCGTGGTATTCTACT-1","AGCGTGGTATTCTACT-1"
17576,15360,"CTAAGGGAATGATTGG-1","CTAAGGGAATGATTGG-1"
17828,15505,"CATGGTAAGTAGCGTT-1","CATGGTAAGTAGCGTT-1"
17576,15649,"CGTTGAGCGACCGTCG-1","CGTTGAGCGACCGTCG-1"
17828,15795,"TGCCCGTACCGTTAAA-1","TGCCCGTACCGTTAAA-1"
17576,15939,"ACAAGGGCAGGCTCTG-1","ACAAGGGCAGGCTCTG-1"
17828,16084,"GAGATCTTCCATGACA-1","GAGATCTTCCATGACA-1"
17576,16229,"AATGACGTAGGATGTC-1","AATGACGTAGGATGTC-1"
17828,16374,"GTGGTGGCCAAGTGAA-1","GTGGTGGCCAAGTGAA-1"
17575,16519,"TCCCGTGTGCAATTTG-1","TCCCGTGTGCAATTTG-1"
17828,16664,"ACATCGTATGCAATGG-1","ACATCGTATGCAATGG-1"
17575,16809,"GCGAAACTTAACTGGA-1","GCGAAACTTAACTGGA-1"
17827,16954,"AATTGAACGCTCTGGT-1","AATTGAACGCTCTGGT-1"
17575,17099,"ACAAATGGTAGTGTTT-1","ACAAATGGTAGTGTTT-1"
17827,17244,"ATGGTCGCGTGGTTTC-1","ATGGTCGCGTGGTTTC-1"
17575,17388,"TGTTATTGTATGTGGC-1","TGTTATTGTATGTGGC-1"
17827,17534,"TTCCGGTTACCCACTT-1","TTCCGGTTACCCACTT-1"
17575,17678,"GAGTGTGCGGTACCCA-1","GAGTGTGCGGTACCCA-1"
17827,17823,"CAAGATATTATAACGT-1","CAAGATATTATAACGT-1"
17575,17968,"ACACACCAGGACCAGT-1","ACACACCAGGACCAGT-1"
17827,18113,"ATGGGCCTCGGCCTCT-1","ATGGGCCTCGGCCTCT-1"
17575,18258,"AAGGTGATAAACCAGC-1","AAGGTGATAAACCAGC-1"
17827,18403,"TCTTACTTATGCCTCT-1","TCTTACTTATGCCTCT-1"
17575,18548,"AAAGTGTGATTTATCT-1","AAAGTGTGATTTATCT-1"
17827,18693,"TGCTCCACAGTTCTTA-1","TGCTCCACAGTTCTTA-1"
17574,18838,"CTGGCTGATTCATCCT-1","CTGGCTGATTCATCCT-1"
17826,18983,"TAAGGCTGAATCCCTC-1","TAAGGCTGAATCCCTC-1"
17574,19127,"TCTAGTGATATCGTGG-1","TCTAGTGATATCGTGG-1"
17574,19417,"GACAAACATATGCAGG-1","GACAAACATATGCAGG-1"
17826,19562,"AAGTCAATTGTCGTCA-1","AAGTCAATTGTCGTCA-1"
18083,9853,"AAGTTCGGCCAACAGG-1","AAGTTCGGCCAACAGG-1"
18083,10143,"ATCACGTGCTAATTAA-1","ATCACGTGCTAATTAA-1"
18335,10288,"GGTGAAGTACAGGGAT-1","GGTGAAGTACAGGGAT-1"
18083,10433,"GCTGTATTACTGGCCC-1","GCTGTATTACTGGCCC-1"
18335,10578,"AACGGCCATCTCCGGT-1","AACGGCCATCTCCGGT-1"
18082,10723,"TAAGTAACATCTTGAC-1","TAAGTAACATCTTGAC-1"
18335,10868,"TTCTTGAGCCGCGCTA-1","TTCTTGAGCCGCGCTA-1"
18082,11012,"AGTGCGTAGCTCGTAA-1","AGTGCGTAGCTCGTAA-1"
18334,11157,"GGGATGGTCGTAACCG-1","GGGATGGTCGTAACCG-1"
18082,11302,"GTCTGGGCGGTCGAGA-1","GTCTGGGCGGTCGAGA-1"
18334,11447,"CGGAACGTAAACATAG-1","CGGAACGTAAACATAG-1"
18082,11592,"TGCGACACCCTAGTGC-1","TGCGACACCCTAGTGC-1"
18334,11737,"CAAACGAGTATCGCAG-1","CAAACGAGTATCGCAG-1"
18082,11882,"TCAGTAGGGACTATAA-1","TCAGTAGGGACTATAA-1"
18334,12027,"GCGGTTCCCTATCATG-1","GCGGTTCCCTATCATG-1"
18082,12172,"GTGACTTCAGTAGTGC-1","GTGACTTCAGTAGTGC-1"
18334,12317,"CGTCACGTCCATTGGT-1","CGTCACGTCCATTGGT-1"
18082,12462,"ATAAGTTACCGCGACG-1","ATAAGTTACCGCGACG-1"
18334,12607,"CTGAATCCGAGACCTC-1","CTGAATCCGAGACCTC-1"
18081,12751,"TACGACGCTTGCTGCG-1","TACGACGCTTGCTGCG-1"
18334,12896,"GAATTCACCCGGGTGT-1","GAATTCACCCGGGTGT-1"
18081,13041,"GGGTGACACCTTAACT-1","GGGTGACACCTTAACT-1"
18333,13186,"TGAGTAAATTAGCGTA-1","TGAGTAAATTAGCGTA-1"
18081,13331,"GAGTCCGCTTACCGGA-1","GAGTCCGCTTACCGGA-1"
18333,13476,"GGCGCGTTCGAGTTTA-1","GGCGCGTTCGAGTTTA-1"
18081,13621,"ATTCATATACTGTCCA-1","ATTCATATACTGTCCA-1"
18333,13766,"ATAAACGGACCCGTAA-1","ATAAACGGACCCGTAA-1"
18081,13911,"GTCGTACCATCTCGGG-1","GTCGTACCATCTCGGG-1"
18333,14056,"ATAATAGCTGTTGAAT-1","ATAATAGCTGTTGAAT-1"
18081,14201,"TTCCGCGTGAGGCGAT-1","TTCCGCGTGAGGCGAT-1"
18333,14346,"TACCGGCTCACTGCCC-1","TACCGGCTCACTGCCC-1"
18081,14490,"GTATCTTTCATAACCA-1","GTATCTTTCATAACCA-1"
18333,14635,"GTTACCTACAACTTGC-1","GTTACCTACAACTTGC-1"
18081,14780,"TGACTATAATCCTTTC-1","TGACTATAATCCTTTC-1"
18333,14925,"AAATACCTATAAGCAT-1","AAATACCTATAAGCAT-1"
18080,15070,"TTATTAGAGCGTGTTC-1","TTATTAGAGCGTGTTC-1"
18333,15215,"ATGTGGACATCTTGAT-1","ATGTGGACATCTTGAT-1"
18080,15360,"GTACGCTTCATTGCAC-1","GTACGCTTCATTGCAC-1"
18332,15505,"CACATATTAGCAGGAT-1","CACATATTAGCAGGAT-1"
18080,15650,"CAAGAGGGCGGAGTAC-1","CAAGAGGGCGGAGTAC-1"
18332,15795,"TCGCAAAGATGCATTT-1","TCGCAAAGATGCATTT-1"
18080,15940,"GTCGTTATTCGCTTAT-1","GTCGTTATTCGCTTAT-1"
18332,16085,"TCGTGTACTATGGATG-1","TCGTGTACTATGGATG-1"
18080,16229,"GCGGAGAGGGAGAACG-1","GCGGAGAGGGAGAACG-1"
18332,16374,"TCACAGGGAATCGCAA-1","TCACAGGGAATCGCAA-1"
18080,16519,"GACTGCACCAGCCCAG-1","GACTGCACCAGCCCAG-1"
18332,16664,"TCCGCTGTCATCCCGG-1","TCCGCTGTCATCCCGG-1"
18080,16809,"AGATACTCAAGATCGA-1","AGATACTCAAGATCGA-1"
18332,16954,"ACTGAATGGCGAAAGT-1","ACTGAATGGCGAAAGT-1"
18079,17099,"TCCTACATCCACGGCC-1","TCCTACATCCACGGCC-1"
18332,17244,"TTCAGCCCTGGTCCAC-1","TTCAGCCCTGGTCCAC-1"
18079,17389,"TTAGAGTTTAGAAGGA-1","TTAGAGTTTAGAAGGA-1"
18331,17534,"GGTTAGCTATATGTCT-1","GGTTAGCTATATGTCT-1"
18079,17679,"CTGGTTTCGAGCAAGA-1","CTGGTTTCGAGCAAGA-1"
18331,17824,"TGGGCCCATACTAATT-1","TGGGCCCATACTAATT-1"
18079,17968,"ACTTATTTATGTGCCA-1","ACTTATTTATGTGCCA-1"
18331,18113,"TTAGTTATTCGTGGCA-1","TTAGTTATTCGTGGCA-1"
18079,18258,"AACCGCTAAGGGATGC-1","AACCGCTAAGGGATGC-1"
18331,18403,"ATACGTCCACTCCTGT-1","ATACGTCCACTCCTGT-1"
18079,18548,"CGACACGCTCCGACAG-1","CGACACGCTCCGACAG-1"
18331,18693,"TCTGAACTCGTACCCG-1","TCTGAACTCGTACCCG-1"
18331,18983,"GTGATCACTAACGCCT-1","GTGATCACTAACGCCT-1"
18587,10433,"GTATTCTGAGAAACGA-1","GTATTCTGAGAAACGA-1"
18839,10578,"CGGTGCGCGTTGGTCC-1","CGGTGCGCGTTGGTCC-1"
18587,10723,"GTGATTCGCCGCTCAA-1","GTGATTCGCCGCTCAA-1"
18839,10868,"GCCCGCGCGTAAACGG-1","GCCCGCGCGTAAACGG-1"
18587,11013,"AACGTACTGTGGGTAC-1","AACGTACTGTGGGTAC-1"
18839,11158,"GAGTATGCCCGCCTTG-1","GAGTATGCCCGCCTTG-1"
18586,11302,"TGATTCTGTCGCCGGT-1","TGATTCTGTCGCCGGT-1"
18839,11447,"GGGCGGCAAATGAATT-1","GGGCGGCAAATGAATT-1"
18586,11592,"TTCCAATCTGGCTATC-1","TTCCAATCTGGCTATC-1"
18838,11737,"GGAACCGTGTAAATTG-1","GGAACCGTGTAAATTG-1"
18586,11882,"TTGGTCACACTCGTAA-1","TTGGTCACACTCGTAA-1"
18838,12027,"CGAACCCGCATGCGTC-1","CGAACCCGCATGCGTC-1"
18586,12172,"GGGCGTCACCACGTAA-1","GGGCGTCACCACGTAA-1"
18838,12317,"TACCAGAAGTAGGTTC-1","TACCAGAAGTAGGTTC-1"
18586,12462,"TTGGATATCGTCTACG-1","TTGGATATCGTCTACG-1"
18838,12607,"TAGATATGGACTGGAA-1","TAGATATGGACTGGAA-1"
18586,12752,"GCGACGATAGTTGTAC-1","GCGACGATAGTTGTAC-1"
18838,12897,"CTGGATTTACACTTGA-1","CTGGATTTACACTTGA-1"
18586,13041,"GTTATATTATCTCCCT-1","GTTATATTATCTCCCT-1"
18838,13186,"TATTCCACTCAGCTCG-1","TATTCCACTCAGCTCG-1"
18586,13331,"CTGTTACCCAATCTAG-1","CTGTTACCCAATCTAG-1"
18838,13476,"ACGCGAAGTCAGACGA-1","ACGCGAAGTCAGACGA-1"
18585,13621,"GATAGGTAACGTTGAC-1","GATAGGTAACGTTGAC-1"
18837,13766,"TGTTCGTATTGCGGTG-1","TGTTCGTATTGCGGTG-1"
18585,13911,"GGTCAGTGGGTCCCAC-1","GGTCAGTGGGTCCCAC-1"
18837,14056,"AATTCTAGAGTTAGGC-1","AATTCTAGAGTTAGGC-1"
18585,14201,"GTTTACGTTCCATCTG-1","GTTTACGTTCCATCTG-1"
18837,14346,"AGACCCACCGCTGATC-1","AGACCCACCGCTGATC-1"
18585,14491,"TCTAGCATGCCCAGAA-1","TCTAGCATGCCCAGAA-1"
18837,14636,"CCCGCAGCGCGAACTA-1","CCCGCAGCGCGAACTA-1"
18585,14780,"CTCTATTTGGCTGCAG-1","CTCTATTTGGCTGCAG-1"
18837,14925,"TTCTGCCGCGCCTAGA-1","TTCTGCCGCGCCTAGA-1"
18585,15070,"ACTCCCTAGAATAGTA-1","ACTCCCTAGAATAGTA-1"
18837,15215,"CCGAACCTTCCCGGCC-1","CCGAACCTTCCCGGCC-1"
18585,15360,"TCAGACGCTATAGAAG-1","TCAGACGCTATAGAAG-1"
18837,15505,"CAGGCGCCATGCTAGG-1","CAGGCGCCATGCTAGG-1"
18584,15650,"CACTCGAGCTGAACAA-1","CACTCGAGCTGAACAA-1"
18837,15795,"ACAAGGAAATCCGCCC-1","ACAAGGAAATCCGCCC-1"
18584,15940,"ACCACGTGCAGCTATA-1","ACCACGTGCAGCTATA-1"
18836,16085,"ACGGCGACGATGGGAA-1","ACGGCGACGATGGGAA-1"
18584,16230,"TTACTAAAGGACTTTA-1","TTACTAAAGGACTTTA-1"
18836,16375,"GGCTGAAATAGCAAAG-1","GGCTGAAATAGCAAAG-1"
18584,16519,"TTAGACGAGTCACCTC-1","TTAGACGAGTCACCTC-1"
18836,16664,"GTAGTCGCGGGAATCA-1","GTAGTCGCGGGAATCA-1"
18584,16809,"GCAAACCCTACATTAT-1","GCAAACCCTACATTAT-1"
18836,16954,"GTTAAAGTAGGACTGG-1","GTTAAAGTAGGACTGG-1"
18584,17099,"ACCCTCCCTTGCTATT-1","ACCCTCCCTTGCTATT-1"
18836,17244,"CATGTCTCATTTATGG-1","CATGTCTCATTTATGG-1"
18584,17389,"AATAGAATCTGTTTCA-1","AATAGAATCTGTTTCA-1"
18836,17534,"TCTCATGAGATAGGGT-1","TCTCATGAGATAGGGT-1"
18584,17679,"ATGACTATGCGACATT-1","ATGACTATGCGACATT-1"
18836,17824,"CCTAACCCAAACAAGT-1","CCTAACCCAAACAAGT-1"
18583,17969,"AGTCAAGATGACACTT-1","AGTCAAGATGACACTT-1"
18835,18114,"CGGGAGCTTCAGTGTA-1","CGGGAGCTTCAGTGTA-1"
18583,18258,"CCACAGTACCCATCCT-1","CCACAGTACCCATCCT-1"
18835,18403,"GAGCGCGCACGAGTAG-1","GAGCGCGCACGAGTAG-1"
18583,18548,"ACCAGTGCGGGAGACG-1","ACCAGTGCGGGAGACG-1"
18835,18693,"TCCTTACGACGGTCCG-1","TCCTTACGACGGTCCG-1"
18583,18838,"TAGTCGATCACGGGTT-1","TAGTCGATCACGGGTT-1"
18835,18983,"AGACGAAGTGCCGGTC-1","AGACGAAGTGCCGGTC-1"
18835,19273,"AGGCATTGTCGTAGGG-1","AGGCATTGTCGTAGGG-1"
19091,10723,"TGCGAGAATATTACCC-1","TGCGAGAATATTACCC-1"
19091,11013,"AGGCTTCCCGAAGAAG-1","AGGCTTCCCGAAGAAG-1"
19343,11158,"GCGGACCGCGTTGTGG-1","GCGGACCGCGTTGTGG-1"
19091,11303,"GTAATCTGATTCTTCG-1","GTAATCTGATTCTTCG-1"
19343,11448,"CCGCGGAATGCGTCAC-1","CCGCGGAATGCGTCAC-1"
19091,11593,"TTCCACACAGATTTGA-1","TTCCACACAGATTTGA-1"
19343,11738,"CTTCTATTAATGCTAG-1","CTTCTATTAATGCTAG-1"
19091,11882,"CATTTGAGTGGTACGT-1","CATTTGAGTGGTACGT-1"
19343,12027,"TCACAGCAAACTCGAA-1","TCACAGCAAACTCGAA-1"
19090,12172,"CAGACGAACCTGATAC-1","CAGACGAACCTGATAC-1"
19342,12317,"TAGCTAGAAGGCATGA-1","TAGCTAGAAGGCATGA-1"
19090,12462,"ATCCAGAGCAACAACC-1","ATCCAGAGCAACAACC-1"
19342,12607,"TCCGGTTCGTCCGGTC-1","TCCGGTTCGTCCGGTC-1"
19090,12752,"CGCGCATGTTTGATTG-1","CGCGCATGTTTGATTG-1"
19342,12897,"TGGCGATCAAGTTATG-1","TGGCGATCAAGTTATG-1"
19090,13042,"CCCTTTGACAGGTCTT-1","CCCTTTGACAGGTCTT-1"
19342,13187,"CAGAGACGGTCACCCA-1","CAGAGACGGTCACCCA-1"
19090,13332,"TAGCTCGCCTGATAAC-1","TAGCTCGCCTGATAAC-1"
19342,13477,"TTGTGTTTCCCGAAAG-1","TTGTGTTTCCCGAAAG-1"
19090,13621,"TATACACAGACGCCTT-1","TATACACAGACGCCTT-1"
19342,13766,"ACATTAGTTTATATCC-1","ACATTAGTTTATATCC-1"
19090,13911,"CCATCGCAGTTAAACT-1","CCATCGCAGTTAAACT-1"
19342,14056,"AATTAGCGCTGCAGCG-1","AATTAGCGCTGCAGCG-1"
19089,14201,"TCCGCTTATCCCATTA-1","TCCGCTTATCCCATTA-1"
19342,14346,"GTTTGGGCTTGTGAGC-1","GTTTGGGCTTGTGAGC-1"
19089,14491,"CTTGTCAACATTCGAG-1","CTTGTCAACATTCGAG-1"
19341,14636,"GGACCAACAGGATAAC-1","GGACCAACAGGATAAC-1"
19089,14781,"AAGCTAGATCGAGTAA-1","AAGCTAGATCGAGTAA-1"
19341,14926,"TACCGTGCCTCGGACC-1","TACCGTGCCTCGGACC-1"
19089,15071,"GTAGCCAAACATGGGA-1","GTAGCCAAACATGGGA-1"
19341,15216,"TGCCAGTACGTGGAGA-1","TGCCAGTACGTGGAGA-1"
19089,15360,"ATAAGGTGGAGAACAT-1","ATAAGGTGGAGAACAT-1"
19341,15505,"CTTTAATATTGGTCGA-1","CTTTAATATTGGTCGA-1"
19089,15650,"TGGTTCAACGGGTAAT-1","TGGTTCAACGGGTAAT-1"
19341,15795,"GCTGCTACTGCGTAGC-1","GCTGCTACTGCGTAGC-1"
19089,15940,"CTGCACAACTACATAT-1","CTGCACAACTACATAT-1"
19341,16085,"ATATTCCACATAGTGA-1","ATATTCCACATAGTGA-1"
19089,16230,"TGGCAAACTAAATTAC-1","TGGCAAACTAAATTAC-1"
19341,16375,"ACCGCAATAACTGCCT-1","ACCGCAATAACTGCCT-1"
19088,16520,"TCGCACCAGGAGGCAG-1","TCGCACCAGGAGGCAG-1"
19340,16665,"ACTTCAGGCTGATCCC-1","ACTTCAGGCTGATCCC-1"
19088,16810,"ACAAATCGCACCGAAT-1","ACAAATCGCACCGAAT-1"
19340,16955,"TCTGATGTATTCTGTC-1","TCTGATGTATTCTGTC-1"
19088,17099,"CTTTACCGAATAGTAG-1","CTTTACCGAATAGTAG-1"
19340,17244,"GCAGATCCATAAGACT-1","GCAGATCCATAAGACT-1"
19088,17389,"TTCCTCGGACTAACCA-1","TTCCTCGGACTAACCA-1"
19340,17534,"TTATCCGGGATCTATA-1","TTATCCGGGATCTATA-1"
19088,17679,"CTGGAAGACACGGTGG-1","CTGGAAGACACGGTGG-1"
19340,17824,"GTTCGTCTAAAGAACT-1","GTTCGTCTAAAGAACT-1"
19088,17969,"GTCTATTGGTTCCGGT-1","GTCTATTGGTTCCGGT-1"
19340,18114,"CTAGGCGCCCTATCAG-1","CTAGGCGCCCTATCAG-1"
19088,18259,"AACGGACGTACGTATA-1","AACGGACGTACGTATA-1"
19340,18404,"AACACACGCTCGCCGC-1","AACACACGCTCGCCGC-1"
19087,18549,"GCTACTATAGTAGAGT-1","GCTACTATAGTAGAGT-1"
19340,18694,"AGCATATCAATATGCT-1","AGCATATCAATATGCT-1"
19087,18838,"CGAACAGTATGGGCGT-1","CGAACAGTATGGGCGT-1"
19339,18983,"ACAATTGTGTCTCTTT-1","ACAATTGTGTCTCTTT-1"
19087,19128,"GATCGCTACCCGATTT-1","GATCGCTACCCGATTT-1"
19339,19273,"ATTGCGATCAGTAACT-1","ATTGCGATCAGTAACT-1"
19595,11593,"AATAGAACAGAGTGGC-1","AATAGAACAGAGTGGC-1"
19595,12172,"GACATCGATTTATAAC-1","GACATCGATTTATAAC-1"
19847,12317,"CAGACACCGATCGCTG-1","CAGACACCGATCGCTG-1"
19595,12462,"CCAAGAAAGTGGGCGA-1","CCAAGAAAGTGGGCGA-1"
19846,13187,"GAGACTTCGCGACCGA-1","GAGACTTCGCGACCGA-1"
19846,13767,"CCTCTGTACTATTCTA-1","CCTCTGTACTATTCTA-1"
19594,13911,"CTATTCATGTGTCCCA-1","CTATTCATGTGTCCCA-1"
19846,14056,"GCCCGATCTGTGGTCG-1","GCCCGATCTGTGGTCG-1"
19594,14201,"TTAGAAGAACATGACT-1","TTAGAAGAACATGACT-1"
19846,14346,"AGGATAAAGTCGGGAT-1","AGGATAAAGTCGGGAT-1"
19594,14491,"CGGCAAACATCGTGCG-1","CGGCAAACATCGTGCG-1"
19846,14636,"CTAGTTACAACCCGGT-1","CTAGTTACAACCCGGT-1"
19593,14781,"TTCGACAGAGCCCGTG-1","TTCGACAGAGCCCGTG-1"
19846,14926,"AAGCATACTCTCCTGA-1","AAGCATACTCTCCTGA-1"
19593,15071,"GACGACGATCCGCGTT-1","GACGACGATCCGCGTT-1"
19845,15216,"GGTAGAAGACCGCCTG-1","GGTAGAAGACCGCCTG-1"
19593,15361,"GAGATGGGAGTCGACA-1","GAGATGGGAGTCGACA-1"
19845,15506,"AACGATAATGCCGTAG-1","AACGATAATGCCGTAG-1"
19593,15650,"TGGTCCCACGCTACGG-1","TGGTCCCACGCTACGG-1"
19845,15795,"CTGCTTGGCGATAGCT-1","CTGCTTGGCGATAGCT-1"
19593,15940,"ATCGGAGACAGACGGC-1","ATCGGAGACAGACGGC-1"
19845,16085,"TAGCGTCCGGTGTGGT-1","TAGCGTCCGGTGTGGT-1"
19593,16230,"GTTGAGTCCCGCCGGT-1","GTTGAGTCCCGCCGGT-1"
19845,16375,"AAATAGGGTGCTATTG-1","AAATAGGGTGCTATTG-1"
19593,16520,"AAGTGTTTGGAGACGG-1","AAGTGTTTGGAGACGG-1"
19845,16665,"AGCACTACCTCACCAG-1","AGCACTACCTCACCAG-1"
19593,16810,"TGCCTTGGCCAGGCAA-1","TGCCTTGGCCAGGCAA-1"
19845,16955,"TCGTCTTAGGCGTTAA-1","TCGTCTTAGGCGTTAA-1"
19592,17100,"TTCTGACCGGGCTCAA-1","TTCTGACCGGGCTCAA-1"
19845,17245,"CAGAACTTAGCCCTCT-1","CAGAACTTAGCCCTCT-1"
19592,17389,"AGCTCCTTCGCACATC-1","AGCTCCTTCGCACATC-1"
19844,17534,"ACAGGCTTGCCCGACT-1","ACAGGCTTGCCCGACT-1"
19592,17679,"GCTATACGTCTCGGAC-1","GCTATACGTCTCGGAC-1"
19844,17824,"GAGCCAGCTACCTGTG-1","GAGCCAGCTACCTGTG-1"
19592,17969,"TGCTAAGTGTCTATTT-1","TGCTAAGTGTCTATTT-1"
19844,18114,"GTCCTACGAATAGTCT-1","GTCCTACGAATAGTCT-1"
19592,18259,"CAGTGTCGGCTGGCCC-1","CAGTGTCGGCTGGCCC-1"
19844,18404,"CTATCGACGAAATACA-1","CTATCGACGAAATACA-1"
19592,18549,"CATCATTACCCTGAGG-1","CATCATTACCCTGAGG-1"
19844,18694,"TAAGTTGCGACGTAGG-1","TAAGTTGCGACGTAGG-1"
19592,18839,"AGTGCACGCTTAAGAA-1","AGTGCACGCTTAAGAA-1"
19844,18984,"TGTGCCGGTGCCGGAA-1","TGTGCCGGTGCCGGAA-1"
19591,19128,"AGGAGGCCTTCGCGCG-1","AGGAGGCCTTCGCGCG-1"
19844,19273,"TCCGCGGCCCAATGAA-1","TCCGCGGCCCAATGAA-1"
19591,19418,"TCCGTTAAGCTAATAT-1","TCCGTTAAGCTAATAT-1"
19591,20288,"CCCGTTTCGCAGATGT-1","CCCGTTTCGCAGATGT-1"
20098,13332,"CTCTTGTCCCGCTTGG-1","CTCTTGTCCCGCTTGG-1"
20351,13477,"TACGCCTCCATTCCGA-1","TACGCCTCCATTCCGA-1"
20098,13622,"CGGAGCAATTTAATCG-1","CGGAGCAATTTAATCG-1"
20350,13767,"AACTAGGCTTGGGTGT-1","AACTAGGCTTGGGTGT-1"
20098,13912,"GCGTCGCCAGGGTGAT-1","GCGTCGCCAGGGTGAT-1"
20350,14057,"GTTGGTCATGCTATCC-1","GTTGGTCATGCTATCC-1"
20098,14201,"GCTGGCGGCGCATGCT-1","GCTGGCGGCGCATGCT-1"
20350,14347,"TGAGCGGAAAGTGTTC-1","TGAGCGGAAAGTGTTC-1"
20098,14491,"CTTTCTGTGCGGGCTT-1","CTTTCTGTGCGGGCTT-1"
20350,14636,"ATCTAATATCCTACGG-1","ATCTAATATCCTACGG-1"
20098,14781,"AACCTTTAAATACGGT-1","AACCTTTAAATACGGT-1"
20350,14926,"TTCACTCGAGCACCTA-1","TTCACTCGAGCACCTA-1"
20098,15071,"CTGCACTCCAGTACAG-1","CTGCACTCCAGTACAG-1"
20350,15216,"CCATTTCTACCTATTA-1","CCATTTCTACCTATTA-1"
20098,15361,"CAAGCGGCACATAATT-1","CAAGCGGCACATAATT-1"
20350,15506,"GTTAACATCACTTAAA-1","GTTAACATCACTTAAA-1"
20097,15651,"ATATAAATGTAGCTGC-1","ATATAAATGTAGCTGC-1"
20349,15796,"GCCTCTATACATAGCA-1","GCCTCTATACATAGCA-1"
20097,15940,"GTGTCGTATAGCGTTC-1","GTGTCGTATAGCGTTC-1"
20097,16230,"GCTATCATACTCATGG-1","GCTATCATACTCATGG-1"
20349,16665,"CCTATAATGAGTGCCC-1","CCTATAATGAGTGCCC-1"
20097,16810,"CAATGCGAGAAGTATC-1","CAATGCGAGAAGTATC-1"
20349,16955,"TACCAATAAAGTACCA-1","TACCAATAAAGTACCA-1"
20097,17100,"GCTAGGCACCACGGAG-1","GCTAGGCACCACGGAG-1"
20349,17245,"GGTGGACTGCTCTGGC-1","GGTGGACTGCTCTGGC-1"
20097,17390,"TATTCCGAGCTGTTAT-1","TATTCCGAGCTGTTAT-1"
20349,17535,"TTGAGAAGTTTAGCAT-1","TTGAGAAGTTTAGCAT-1"
20096,17679,"GTCCGGACCTGAAATT-1","GTCCGGACCTGAAATT-1"
20349,17825,"CTGTGGTCGGGAGATA-1","CTGTGGTCGGGAGATA-1"
20096,17969,"CATGTAAGAGACATTT-1","CATGTAAGAGACATTT-1"
20348,18114,"CACGTTTCGTACACAC-1","CACGTTTCGTACACAC-1"
20096,18259,"CATCCTCTCAAAGATC-1","CATCCTCTCAAAGATC-1"
20348,18404,"GATTAACCGAAAGCCC-1","GATTAACCGAAAGCCC-1"
20096,18549,"AACGCTGTTGCTGAAA-1","AACGCTGTTGCTGAAA-1"
20348,18694,"TTCAGCTGGCGTGCCC-1","TTCAGCTGGCGTGCCC-1"
20096,18839,"TAGAGGTTCTACTTGT-1","TAGAGGTTCTACTTGT-1"
20348,18984,"GTATCAAACGTTAGCT-1","GTATCAAACGTTAGCT-1"
20096,19129,"AATCATGTAAAGACTC-1","AATCATGTAAAGACTC-1"
20348,19274,"AGTCACTAGCTCTCGA-1","AGTCACTAGCTCTCGA-1"
20348,19564,"CATGGATTGTCTTCCG-1","CATGGATTGTCTTCCG-1"
20348,19853,"CACACACGCTAACGAG-1","CACACACGCTAACGAG-1"
20347,20143,"TGCCTAATTGAAGATT-1","TGCCTAATTGAAGATT-1"
20095,20288,"TGGCAATGGGACGGCG-1","TGGCAATGGGACGGCG-1"
20603,13042,"GCTGCTAAGTAGTCGA-1","GCTGCTAAGTAGTCGA-1"
20603,13332,"AGCAGCCAGATGAATA-1","AGCAGCCAGATGAATA-1"
20603,13622,"TTGTGTATGCCACCAA-1","TTGTGTATGCCACCAA-1"
20855,13767,"TGCTCGGCGAAACCCA-1","TGCTCGGCGAAACCCA-1"
20603,13912,"CGATTAAATATCTCCT-1","CGATTAAATATCTCCT-1"
20602,14202,"GTGGACGCATTTGTCC-1","GTGGACGCATTTGTCC-1"
20854,14347,"ACCCGGAAACTCCCAG-1","ACCCGGAAACTCCCAG-1"
20602,14492,"CCGCATGTGGTACGAT-1","CCGCATGTGGTACGAT-1"
20854,14637,"GCAAACCTTGGCCATA-1","GCAAACCTTGGCCATA-1"
20602,14781,"ATTCACTGATGTTGGA-1","ATTCACTGATGTTGGA-1"
20854,14926,"ACTCCCTAATGCTAAA-1","ACTCCCTAATGCTAAA-1"
20602,15071,"TCCTAAATTGGGAAGC-1","TCCTAAATTGGGAAGC-1"
20854,15216,"GAACAGATTACTAAAT-1","GAACAGATTACTAAAT-1"
20602,15361,"ATACAGGCCCTCCAAT-1","ATACAGGCCCTCCAAT-1"
20854,15506,"CGATTCGCCTGGCTGC-1","CGATTCGCCTGGCTGC-1"
20602,15651,"TCCGCCTGTCTACAAG-1","TCCGCCTGTCTACAAG-1"
20854,16086,"CGTTGAATACCGCGCT-1","CGTTGAATACCGCGCT-1"
20601,16231,"ACCAATATGCAAGTTA-1","ACCAATATGCAAGTTA-1"
20853,16665,"AAGCTCTTTCATGGTG-1","AAGCTCTTTCATGGTG-1"
20601,16810,"CATGGGTATGCCTTAT-1","CATGGGTATGCCTTAT-1"
20853,16955,"GCGCGTCATTGGTACA-1","GCGCGTCATTGGTACA-1"
20601,17100,"TCTGAAGCACGTGGTC-1","TCTGAAGCACGTGGTC-1"
20853,17245,"AAGTTCACTCCAAGCT-1","AAGTTCACTCCAAGCT-1"
20601,17390,"TTGGACCTATAACAGT-1","TTGGACCTATAACAGT-1"
20853,17535,"ATCAGCCTCATGCTGC-1","ATCAGCCTCATGCTGC-1"
20601,17680,"AGTACTCTTATGCCCA-1","AGTACTCTTATGCCCA-1"
20853,17825,"GCGCTTAAATAATTGG-1","GCGCTTAAATAATTGG-1"
20601,17970,"TTGTGAACCTAATCCG-1","TTGTGAACCTAATCCG-1"
20853,18115,"AGTCGTCGACCACCAA-1","AGTCGTCGACCACCAA-1"
20601,18259,"TCCTTTAAATCCGCTT-1","TCCTTTAAATCCGCTT-1"
20853,18404,"ACTGAAACGCCGTTAG-1","ACTGAAACGCCGTTAG-1"
20600,18549,"GCACACACTGGTAGCC-1","GCACACACTGGTAGCC-1"
20852,18694,"TAAGGGCCTGTCCGAT-1","TAAGGGCCTGTCCGAT-1"
20600,18839,"GCTAGAGTAGAGATGT-1","GCTAGAGTAGAGATGT-1"
20852,18984,"CACAGGGCCATATAGT-1","CACAGGGCCATATAGT-1"
20600,19129,"CCATGCCCTAGATTTC-1","CCATGCCCTAGATTTC-1"
20852,19274,"TCGCGTAGCAGTGTCC-1","TCGCGTAGCAGTGTCC-1"
20600,19419,"GACGAGGCTAATAAAC-1","GACGAGGCTAATAAAC-1"
20852,19564,"CTACACTCGCAGATGG-1","CTACACTCGCAGATGG-1"
20600,19709,"ACGCATACGTTTACTA-1","ACGCATACGTTTACTA-1"
20852,19854,"GGAGCAACATTTCAAG-1","GGAGCAACATTTCAAG-1"
20600,19998,"CGAGAGGGTAGCCGCG-1","CGAGAGGGTAGCCGCG-1"
20852,20143,"TCGTGTTCGACCACAA-1","TCGTGTTCGACCACAA-1"
20600,20288,"TCTACCCAATAGAGAG-1","TCTACCCAATAGAGAG-1"
20852,20433,"ATAAACGTTGCACCAC-1","ATAAACGTTGCACCAC-1"
20599,20578,"TCAACTGCAGAGTCAG-1","TCAACTGCAGAGTCAG-1"
20852,20723,"AGCTCCATATATGTTC-1","AGCTCCATATATGTTC-1"
20599,20868,"GTAACATCTAAGATAA-1","GTAACATCTAAGATAA-1"
20851,21013,"CCGACAATAGGCCGCC-1","CCGACAATAGGCCGCC-1"
20599,21158,"ATGCTTAGGAGTTGAT-1","ATGCTTAGGAGTTGAT-1"
21107,13332,"TGAGGAGTGCCAGCTT-1","TGAGGAGTGCCAGCTT-1"
21107,13622,"GGGCAGAGCAATCGTT-1","GGGCAGAGCAATCGTT-1"
21359,13767,"TACCAAATAGCCCAGA-1","TACCAAATAGCCCAGA-1"
21107,13912,"TACCTACTCCCAGTAT-1","TACCTACTCCCAGTAT-1"
21359,14057,"TGTGAGACTAGCCCAA-1","TGTGAGACTAGCCCAA-1"
21107,14202,"ATACCTAACCAAGAAA-1","ATACCTAACCAAGAAA-1"
21359,14347,"GTCGGGAAGCAGAAAC-1","GTCGGGAAGCAGAAAC-1"
21107,14492,"AATTAACGGATTTCCA-1","AATTAACGGATTTCCA-1"
21359,14637,"GAACCCTCTGTGTTCT-1","GAACCCTCTGTGTTCT-1"
21106,14782,"ATATAAAGCGCTCGTG-1","ATATAAAGCGCTCGTG-1"
21106,15071,"CTAGGTTCGGACGTGA-1","CTAGGTTCGGACGTGA-1"
21106,15361,"CATAAGAAGCTTGGCT-1","CATAAGAAGCTTGGCT-1"
21358,15506,"AAGCACCCTGCGTATC-1","AAGCACCCTGCGTATC-1"
21106,15651,"AGTTTGCACCTGCCTC-1","AGTTTGCACCTGCCTC-1"
21106,15941,"GTGTATATCAGCGGGC-1","GTGTATATCAGCGGGC-1"
21358,16376,"CATGAGATGCACTCTC-1","CATGAGATGCACTCTC-1"
21106,16521,"GAGCACCTGTGTCCAG-1","GAGCACCTGTGTCCAG-1"
21358,16666,"CGCGACCGCGACAGAT-1","CGCGACCGCGACAGAT-1"
21105,16810,"GTCCCGCGACGTTATG-1","GTCCCGCGACGTTATG-1"
21358,16955,"GCAGTGTGGCTATAGG-1","GCAGTGTGGCTATAGG-1"
21105,17100,"ATACTGCCTTACACCG-1","ATACTGCCTTACACCG-1"
21357,17245,"TACAGAAACGGTGGGC-1","TACAGAAACGGTGGGC-1"
21105,17390,"GGCGCGGAGATCTTTC-1","GGCGCGGAGATCTTTC-1"
21357,17535,"CGTTAATGTCCCGACG-1","CGTTAATGTCCCGACG-1"
21105,17680,"GCTAACTGAAGTCTGA-1","GCTAACTGAAGTCTGA-1"
21357,17825,"AGTGATAACCTGCGCG-1","AGTGATAACCTGCGCG-1"
21105,17970,"TATGATCTTCTCTTTA-1","TATGATCTTCTCTTTA-1"
21357,18115,"TGTACCTACACGAGGG-1","TGTACCTACACGAGGG-1"
21105,18260,"ATATCGTTCCTCGAAC-1","ATATCGTTCCTCGAAC-1"
21357,18405,"CGGCGCCATCAATCCC-1","CGGCGCCATCAATCCC-1"
21105,18549,"CCTGTTTGAAGACACG-1","CCTGTTTGAAGACACG-1"
21357,18694,"GCCACTCAGAGCGCGA-1","GCCACTCAGAGCGCGA-1"
21105,18839,"TCGGCTTGTATCGACG-1","TCGGCTTGTATCGACG-1"
21357,18984,"TAGATGGTTCCTTACT-1","TAGATGGTTCCTTACT-1"
21104,19129,"ATCGTTAGCTAGCGGA-1","ATCGTTAGCTAGCGGA-1"
21357,19274,"ACAGCGACATTCTCAT-1","ACAGCGACATTCTCAT-1"
21104,19419,"ATTCAACCATTTAAGG-1","ATTCAACCATTTAAGG-1"
21356,19564,"CACTCTTCTGCTAGCC-1","CACTCTTCTGCTAGCC-1"
21104,19709,"CTAACTGATAATCGCC-1","CTAACTGATAATCGCC-1"
21356,19854,"TGATGTCAATTAAGTG-1","TGATGTCAATTAAGTG-1"
21104,19999,"CGCCGTTCAGCATAGT-1","CGCCGTTCAGCATAGT-1"
21356,20144,"ATACTACCCGTACCAC-1","ATACTACCCGTACCAC-1"
21104,20288,"CCACTGTTTGGATTAA-1","CCACTGTTTGGATTAA-1"
21356,20433,"CACTACGGGAGCTGCC-1","CACTACGGGAGCTGCC-1"
21104,20578,"GACCAAACGTTGACTG-1","GACCAAACGTTGACTG-1"
21356,20723,"AAGAGGCCCTTTGGAA-1","AAGAGGCCCTTTGGAA-1"
21104,20868,"ACACGTAGGCCACAAG-1","ACACGTAGGCCACAAG-1"
21356,21013,"TACTCTTACTTTACTG-1","TACTCTTACTTTACTG-1"
21103,21158,"AGAGCCGCCGAGATTT-1","AGAGCCGCCGAGATTT-1"
21356,21303,"GGCCTGCTTCTCCCGA-1","GGCCTGCTTCTCCCGA-1"
21611,13912,"GGCTTTCAATAAGGGT-1","GGCTTTCAATAAGGGT-1"
21611,14492,"GTCTCAAGGCCCGGCT-1","GTCTCAAGGCCCGGCT-1"
21863,14637,"ACCGACACATCTCCCA-1","ACCGACACATCTCCCA-1"
21611,14782,"TATACGCGTCATCACT-1","TATACGCGTCATCACT-1"
21863,14927,"ATCTGGGCTGTTCTTG-1","ATCTGGGCTGTTCTTG-1"
21610,16521,"CGGATCCTCAAGGACT-1","CGGATCCTCAAGGACT-1"
21862,16666,"GGGCGTGGTTTCCCAG-1","GGGCGTGGTTTCCCAG-1"
21610,16811,"TGGCTATGTGACATAC-1","TGGCTATGTGACATAC-1"
21862,16956,"CTTAGTGTAGTAGCAT-1","CTTAGTGTAGTAGCAT-1"
21610,17101,"GGATTGCTGTGACTCC-1","GGATTGCTGTGACTCC-1"
21862,17246,"ACTTCCATGCGGGACA-1","ACTTCCATGCGGGACA-1"
21610,17390,"ACTCAAGTGCAAGGCT-1","ACTCAAGTGCAAGGCT-1"
21862,17535,"ACAAGGATGCTTTAGG-1","ACAAGGATGCTTTAGG-1"
21609,17680,"TTGAACGACGTGCTGA-1","TTGAACGACGTGCTGA-1"
21861,17825,"ATTCATCGTTGAGGCA-1","ATTCATCGTTGAGGCA-1"
21609,17970,"TGCAACCCATCTGCGG-1","TGCAACCCATCTGCGG-1"
21861,18115,"AGTGCTAAACACAGCA-1","AGTGCTAAACACAGCA-1"
21609,18260,"AACTCCAGAGCGTGTT-1","AACTCCAGAGCGTGTT-1"
21861,18405,"TCTCCACAAGTTGAAT-1","TCTCCACAAGTTGAAT-1"
21609,18550,"CTTTGCATCGCTCTTG-1","CTTTGCATCGCTCTTG-1"
21861,18695,"TCACAAACCGAGGTAC-1","TCACAAACCGAGGTAC-1"
21609,18840,"CCGTAGGAAATCCCTG-1","CCGTAGGAAATCCCTG-1"
21861,18985,"AAACATTTCCCGGATT-1","AAACATTTCCCGGATT-1"
21609,19129,"GCCTCCGACAATTCAC-1","GCCTCCGACAATTCAC-1"
21861,19274,"TCTGCATACCTTGCTT-1","TCTGCATACCTTGCTT-1"
21609,19419,"ACCCATTTGTCCCTCT-1","ACCCATTTGTCCCTCT-1"
21861,19564,"CTGCAGAGAATCAGAG-1","CTGCAGAGAATCAGAG-1"
21608,19709,"GGAAACTAAATGGGCC-1","GGAAACTAAATGGGCC-1"
21861,19854,"CAACCTACCGAGCAGT-1","CAACCTACCGAGCAGT-1"
21608,19999,"CCGTAGGGTTGTTTAC-1","CCGTAGGGTTGTTTAC-1"
21860,20144,"GGTTTGTGACCTGAGG-1","GGTTTGTGACCTGAGG-1"
21608,20289,"TAACCTAGGGAGTCCA-1","TAACCTAGGGAGTCCA-1"
21860,20434,"TTCCATCGACAGCGTG-1","TTCCATCGACAGCGTG-1"
21608,20579,"ATCTCCCACGGAATAT-1","ATCTCCCACGGAATAT-1"
21860,20724,"GTTTCAAACGAGTTGT-1","GTTTCAAACGAGTTGT-1"
21608,20868,"GGAACTTTGGCGATTA-1","GGAACTTTGGCGATTA-1"
21860,21013,"CTGCAAGCACGTTCCG-1","CTGCAAGCACGTTCCG-1"
21608,21158,"CACAGTCCCGCTTCGC-1","CACAGTCCCGCTTCGC-1"
21860,21303,"TACGCTCGGTATTGGA-1","TACGCTCGGTATTGGA-1"
21608,21448,"CTGGTAAAGTGTGGGC-1","CTGGTAAAGTGTGGGC-1"
21860,21593,"CAACCAGTGGCCTACC-1","CAACCAGTGGCCTACC-1"
22366,16376,"GAACCTTTAACGATCC-1","GAACCTTTAACGATCC-1"
22114,16521,"TGGACCAATCTAAGAT-1","TGGACCAATCTAAGAT-1"
22366,16666,"CTAGTAGAAAGGGATT-1","CTAGTAGAAAGGGATT-1"
22114,16811,"AACCTCGCTTTAGCCC-1","AACCTCGCTTTAGCCC-1"
22366,16956,"GAGTGTCAACCAGAAA-1","GAGTGTCAACCAGAAA-1"
22114,17101,"GTGATCCTTGTCATGA-1","GTGATCCTTGTCATGA-1"
22366,17246,"CTCAACTAACCCGGAT-1","CTCAACTAACCCGGAT-1"
22114,17391,"AGTGGCGTCTGAAGGT-1","AGTGGCGTCTGAAGGT-1"
22366,17536,"GGGAAGGGCTTTCTCA-1","GGGAAGGGCTTTCTCA-1"
22114,17680,"AGGCCTGAGAATCTCG-1","AGGCCTGAGAATCTCG-1"
22366,17825,"AGCCACAGGTTACCCG-1","AGCCACAGGTTACCCG-1"
22114,17970,"TGCAATCTAACACGGT-1","TGCAATCTAACACGGT-1"
22366,18115,"GTTTGGGTTTCGCCCG-1","GTTTGGGTTTCGCCCG-1"
22113,18260,"CCTATGTCCACTCCAC-1","CCTATGTCCACTCCAC-1"
22366,18405,"CTGCCTTTCTAGTAAA-1","CTGCCTTTCTAGTAAA-1"
22113,18550,"TTAGTAAACCTGCTCT-1","TTAGTAAACCTGCTCT-1"
22365,18695,"TTGTGGTGGTACTAAG-1","TTGTGGTGGTACTAAG-1"
22113,18840,"CCTCCTGTTGTGTCGT-1","CCTCCTGTTGTGTCGT-1"
22365,18985,"ACAAAGCATGACCTAG-1","ACAAAGCATGACCTAG-1"
22113,19130,"ATAGCAACTAGGGAAG-1","ATAGCAACTAGGGAAG-1"
22365,19275,"CCGCTCTTCCGAACTA-1","CCGCTCTTCCGAACTA-1"
22113,19419,"TAGAATAGCCGATGAA-1","TAGAATAGCCGATGAA-1"
22365,19564,"GGTCTCCGTCCAGGTT-1","GGTCTCCGTCCAGGTT-1"
22113,19709,"TAATTACGTCAGTAGA-1","TAATTACGTCAGTAGA-1"
22365,19854,"TACGTAAAGCGGAGTG-1","TACGTAAAGCGGAGTG-1"
22113,19999,"GCTACAATCGAGGATA-1","GCTACAATCGAGGATA-1"
22113,20289,"ATCATAGCCCTATGTA-1","ATCATAGCCCTATGTA-1"
22112,20579,"ATATACGCTCGTGACG-1","ATATACGCTCGTGACG-1"
22364,20724,"CCCTTTAATGGAGTTC-1","CCCTTTAATGGAGTTC-1"
22112,20869,"TTACACGATCTGCGAC-1","TTACACGATCTGCGAC-1"
22364,21014,"TCGCATAAAGGGCGCA-1","TCGCATAAAGGGCGCA-1"
22112,21158,"TGTAGCCATCCCATTC-1","TGTAGCCATCCCATTC-1"
22112,21448,"GGAGGGTCAAGTAAGA-1","GGAGGGTCAAGTAAGA-1"
22112,21738,"CACGTCAATCAATGGA-1","CACGTCAATCAATGGA-1"
22619,15942,"GGGAAGACGGTCTGTC-1","GGGAAGACGGTCTGTC-1"
22871,16087,"CGTCGCATGTGAGCCA-1","CGTCGCATGTGAGCCA-1"
22619,16231,"AGAAGGTTGTAGGTCG-1","AGAAGGTTGTAGGTCG-1"
22871,16377,"GGCCGGCGTCTGCTAT-1","GGCCGGCGTCTGCTAT-1"
22619,16521,"TTGACCAGGAACAACT-1","TTGACCAGGAACAACT-1"
22871,16666,"AGTCGTATAAAGCAGA-1","AGTCGTATAAAGCAGA-1"
22618,16811,"GGCGTAGGGAAAGCTG-1","GGCGTAGGGAAAGCTG-1"
22871,16956,"AAACCTAAGCAGCCGG-1","AAACCTAAGCAGCCGG-1"
22618,17101,"ATTGCCTTTATGTTTG-1","ATTGCCTTTATGTTTG-1"
22870,17246,"CAGGCAGTCTTACCAG-1","CAGGCAGTCTTACCAG-1"
22618,17391,"AGCTAAGTACGCAGGC-1","AGCTAAGTACGCAGGC-1"
22870,17536,"AAATCCGATACACGCC-1","AAATCCGATACACGCC-1"
22618,17681,"CGAGAGCTTTCACTAC-1","CGAGAGCTTTCACTAC-1"
22870,17826,"CGCCCAGCGTTTCACG-1","CGCCCAGCGTTTCACG-1"
22618,17970,"TTAAGTATTGTTATCC-1","TTAAGTATTGTTATCC-1"
22870,18116,"AAACGGGCGTACGGGT-1","AAACGGGCGTACGGGT-1"
22618,18260,"GTATCCTTTGGTAACC-1","GTATCCTTTGGTAACC-1"
22870,18405,"CATAGTCAAATACATA-1","CATAGTCAAATACATA-1"
22618,18550,"TCTATGCTATAACGAC-1","TCTATGCTATAACGAC-1"
22870,18695,"ACGTTCTGTACAAGTC-1","ACGTTCTGTACAAGTC-1"
22617,18840,"CGCGAAGTGGCATACT-1","CGCGAAGTGGCATACT-1"
22870,18985,"ACCAACCGCACTCCAC-1","ACCAACCGCACTCCAC-1"
22617,19130,"GTCATGCGCGAGGGCT-1","GTCATGCGCGAGGGCT-1"
22869,19275,"TAGGCTAAAGTGGCAC-1","TAGGCTAAAGTGGCAC-1"
22617,19420,"TGGCTACACTCTACCT-1","TGGCTACACTCTACCT-1"
22869,19565,"TGTCCACGGCTCAACT-1","TGTCCACGGCTCAACT-1"
22617,19709,"AATTGCAGCAATCGAC-1","AATTGCAGCAATCGAC-1"
23123,16232,"GACTAGGCCGTTAGGT-1","GACTAGGCCGTTAGGT-1"
23123,16522,"GATTGGGAAAGGTTGT-1","GATTGGGAAAGGTTGT-1"
23123,16811,"TGAATACCGACGCGTA-1","TGAATACCGACGCGTA-1"
23123,17101,"GCGAAGAATCTGACGG-1","GCGAAGAATCTGACGG-1"
23122,17391,"TCGCCGACATATTCGC-1","TCGCCGACATATTCGC-1"
23122,17681,"CGATAGTCGTACTGCA-1","CGATAGTCGTACTGCA-1"
23374,17826,"CGCATGCCGAATGCGT-1","CGCATGCCGAATGCGT-1"
23122,17971,"CTCTAGCCCTCGGAAA-1","CTCTAGCCCTCGGAAA-1"
23374,18116,"TCCAACTCAGCTATCT-1","TCCAACTCAGCTATCT-1"
23122,18261,"GTCTAGTGAGCCGCTT-1","GTCTAGTGAGCCGCTT-1"
23374,18406,"TACCGAATAATTGTAA-1","TACCGAATAATTGTAA-1"
23122,18550,"ATATAACACGGGCGCA-1","ATATAACACGGGCGCA-1"
23374,18695,"GCATGCTAATAACGAT-1","GCATGCTAATAACGAT-1"
23122,18840,"TCCGGGCTTGACGGGA-1","TCCGGGCTTGACGGGA-1"
23122,19420,"CAAGGCCAGTGGTGCA-1","CAAGGCCAGTGGTGCA-1"
23121,19710,"CAGATAATGGGCGGGT-1","CAGATAATGGGCGGGT-1"
25139,20000,"TCAATCCGGGAAGTTT-1","TCAATCCGGGAAGTTT-1"
